"","V1","V2"
"X2.433__188.07315__.M.H..__w.o.MS2.MLS001048891.01.methyl.quinoline.2.carboxylate",0.0571911210741818,2.02916299019218
"X2.433__205.0983__.M.H..__Tryptophan..LC.ESI.QTOF..MS2..CE",0.254088868575042,1.95533048198734
"X2.433__142.06618__.M.H..__w.o.MS2.5.Hydroxymethylcytosine",0.259961794783976,1.91336684493767
"X0.581__218.01214999999999__.M.Na..__w.o.MS2.Propanil",0.162850861801782,1.81814203105504
"X2.432__144.08080000000001__.M.H..__w.o.MS2.1.Naphthylamine",0.619198664952342,1.78871257571221
"X0.895__136.06218000000001__.M.H..__w.o.MS2.Adenine..CE0..GFFGJBXGBJISGV.UHFFFAOYSA.N",1.25598047044872,1.78492419003488
"X1.049__170.08148__.M.H..__w.o.MS2.PYRIDOXINE",0.420262086631668,1.76950524727708
"X0.58__299.97570999999999__.M.K..__Unknown",0.122730305941928,1.76723093406221
"X0.58__493.00060999999999__.M.K..__Unknown",0.17971368391028,1.76031616091671
"X1.458__432.23935__.M.H.H2O..__w.o.MS2.Nakijiquinone.C",0.278670204772889,1.75615812233867
"X0.904__189.12459000000001__.M.H..__w.o.MS2.N6.Acetyl.L.lysine..CE0..DTERQYGMUDWYAZ.ZETCQYMHSA.N",1.44883082029963,1.74038094657342
"X2.958__169.07578000000001__.M.H..__w.o.MS2.Norharman..PlaSMA.ID.382",0.0929073593816119,1.73903736101732
"X1.009__517.02832000000001__.M.K..__w.o.MS2.Isorhamnetin.3.galactoside",0.993209015797586,1.72626585780505
"X3.992__114.03863__.M.H..__Unknown",0.0438930056811853,1.72568162087095
"X3.087__106.06570000000001__.M.H..__w.o.MS2.3.Methylthiopropylamine",0.141489577934492,1.71968555430574
"X1.008__87.02569__.M.H..__Unknown",0.38264802346782,1.71824392548469
"X0.582__411.03881999999999__.M.Na..__Unknown",0.103909710986683,1.7082086489128
"X0.579__367.96352999999999__.M.K..__Unknown",0.367174702349979,1.70337510676735
"X3.088__192.04961__.M.CH3OH.H..__w.o.MS2.Aconitic.Acid",0.209880447256343,1.68029561901879
"X1.009__172.0412__.M.Na..__w.o.MS2.p.Toluenesulfonamide",0.490935137743056,1.66449541764456
"X2.241__162.05575999999999__.M.H..__w.o.MS2..MLS000860043.01.1.5.Isoquinolinediol.",0.540046337625015,1.65026129809996
"X1.01__397.07754999999997__.M.H..__Unknown",0.679597263760184,1.64179431949388
"X1.009__102.05475__.M.H..__w.o.MS2.1.Aminocyclopropane.1.carboxylic.acid..LC.ESI.QTOF..MS2..CE",0.261786910077838,1.6411345384583
"X2.345__146.11841000000001__.M.H..__w.o.MS2.Unknown..carbon.number.7...PlaSMA.ID.184",0.908501443752269,1.61800650986456
"X1.457__414.08483999999999__.M.H..__Unknown",0.430103067352536,1.59851813780367
"X1.456__86.097279999999998__.M.H..__w.o.MS2.Unknown..carbon.number.5...PlaSMA.ID.6",0.259178105705652,1.56756113470445
"X2.236__181.08635000000001__.M.H..__w.o.MS2.Unknown..carbon.number.10...PlaSMA.ID.501",0.549028524917858,1.5670960089444
"X1.685__176.07056__.M.H..__w.o.MS2.3.Indoleacetic.acid..CE0..SEOVTRFCIGRIMH.UHFFFAOYSA.N",2.04700659563093,1.55957860408254
"X0.725__116.07121__.M.H..__L.....Proline..LC.ESI.QTOF..MS2..CE",1.56261079609667,1.53694627686667
"X0.844__256.08458999999999__.M.H..__w.o.MS2.Unknown..carbon.number.11...PlaSMA.ID.1107",1.84729166768501,1.53586171001441
"X2.245__220.11882__.M.H..__w.o.MS2.Cis.Zeatin..LC.ESI.ITFT..MS2..CE.44.0.eV...M.H..",0.523630835840285,1.52778946440937
"X5.028__313.17541999999997__.M.H..__w.o.MS2.m.z.313.of.diterpene.esters..collected.from.12.deoxyphorbol.13.acetate.",0.217654218437146,1.52015863332548
"X1.641__174.05601999999999__.M.H..__w.o.MS2.4.Quinolinecarboxylic.acid",1.01887081786819,1.51087042205138
"X0.705__381.08652000000001__.M.K..__w.o.MS2.Excavatin.L",2.01993643274253,1.51062471971135
"X3.859__160.04425000000001__.M.H..__w.o.MS2.Brompheniramine",0.203298150873558,1.5105579840068
"X1.482__113.10822__.M.H..__Unknown",0.0643170675079048,1.50878522851361
"X0.738__228.96952999999999__.M.H..__Unknown",0.251121396176183,1.50162872414839
"X2.435__160.07657__.M.H..__w.o.MS2.Unknown..carbon.number.10...PlaSMA.ID.289",1.00548066577756,1.49432701593633
"X3.43__345.14542__.M.H..__w.o.MS2.MLS001139277.01..2S..5.oxo.1..3.oxo.1H.2.benzofuran.1.yl..N..oxolan.2.ylmethyl.pyrrolidine.2.carboxamide",0.0419368724665391,1.48810608997247
"X0.695__325.11284999999998__.M.H.H2O..__w.o.MS2.Disaccharide.Hex.Hex...PlaSMA.ID.1741",1.69743611246261,1.47838884019026
"X0.579__451.92700000000002__.M.K..__Unknown",0.245375056458715,1.47360112117512
"X1.009__519.01464999999996__.M.H..__Unknown",0.555264150001957,1.46834911647183
"X1.009__419.05493000000001__.M.Na..__Unknown",0.70362796948991,1.46687548443708
"X0.579__274.88242000000002__.M.K..__Unknown",0.335164087911105,1.46686926208963
"X4.943__241.11547999999999__.M.H..__w.o.MS2.Dictazoline.E",0.0580328808601935,1.46511511696904
"X0.708__365.11212__.M.Na..__Melibiose",1.92587121342233,1.46385081019151
"X0.571__246.03334000000001__.M.Na..__Unknown",0.97380209035792,1.45836842746307
"X0.701__277.14312999999999__.M.H..__w.o.MS2.3.7.Epoxycaryophyllan.6.Ol",1.98620535376757,1.45503165765361
"X0.986__267.02999999999997__.M.Na..__Unknown",0.0660990407509571,1.45353426951369
"X3.089__160.04459__.M.H..__w.o.MS2.Brompheniramine",0.0727722866628616,1.44024336676711
"X0.569__423.08483999999999__.M.H..__w.o.MS2.5.hydroxy.6.8.dimethoxy.7...2S.3R.4S.5S.6R..3.4.5.trihydroxy.6..hydroxymethyl.oxan.2.yl.oxychromen.2.one",0.737919610582597,1.43559852067831
"X1.997__282.12006000000002__.M.H..__w.o.MS2.N..6.methoxypyridin.3.yl..1.methyl.1H.indole.6.carboxamide",2.24968303412349,1.42350427692478
"X1.01__89.042119999999997__.M.H..__Unknown",0.20725268721655,1.41298407081416
"X0.58__429.93588__.M.H..__Unknown",0.103793551912834,1.41057524446487
"X5.905__437.19528000000003__.M.Na..__w.o.MS2.NCGC00384865.01.5.hydroxy.7..4.hydroxy.2.methoxy.3..3.methylbut.2.enyl.phenyl..2.2.dimethyl.7.8.dihydropyrano.3.2.g.chromen.6.one",0.879809398195431,1.392011693235
"X0.77__176.09348__.M.H..__Unknown",2.39340047226852,1.39182515493864
"X1.005__148.09650999999999__.M.H..__w.o.MS2.Mevalonic.Acid.Lactone",2.17377794585173,1.39097943713088
"X0.575__507.05077999999997__.M.K..__w.o.MS2.ginnalin.A",1.08616005233743,1.39020802409764
"X1.008__323.06787000000003__.M.H..__w.o.MS2.3.4.DIMETHOXYDALBERGIONE",0.631882474683679,1.38539051182855
"X1.47__282.19207999999998__.M.H..__w.o.MS2.MLS001148620.01.",0.770495833988606,1.38457554802677
"X0.84__204.12270000000001__.M.H..__w.o.MS2.Acetylcarnitine",1.44969602750067,1.38084442257679
"X0.984__247.03163000000001__.M.H..__w.o.MS2.columbianetin",0.246172635416309,1.37844135275026
"X0.72__113.00005__.M.H..__Unknown",1.39390394323299,1.37246596866016
"X0.581__233.99332000000001__.M.K..__Unknown",0.297568842719173,1.362348783043
"X3.093__114.03863__.M.H..__Unknown",0.274241674746713,1.35904910695003
"X1.459__263.19690000000003__.M.H..__w.o.MS2.7..2.hydroxypropan.2.yl..1.4a.dimethyl.2.3.4.5.6.7.8.8a.octahydronaphthalen.1.ol",0.522662613605631,1.35777783006067
"X2.672__136.06525__.M.H..__Adenine..LC.ESI.QTOF..MS2..CE",2.10099382686373,1.35470815120537
"X2.672__298.10785__.M.H..__5..S.Methylthioadenosine..LC.ESI.QTOF..MS2..CE",1.93995633100685,1.35119522494741
"X2.379__329.06792999999999__.M.H..__w.o.MS2.aflatoxin.G1",1.73287407370365,1.34635266380974
"X6.552__325.22548999999998__.M.H..__w.o.MS2.quinine",0.110442814472665,1.34480677659488
"X4.421__287.15935999999999__.M.H..__w.o.MS2.2..1.hydroxy.1.methoxy.3.methylbutyl..6.methyl.5H..1.3.dioxolo.4.5.c.pyridin.4.one",0.128787912114923,1.34142251183796
"X1.361__221.09215__.M.H..__w.o.MS2.5.Hydroxytryptophan",0.628594952531767,1.33031770755918
"X6.062__249.18491__.M.H..__w.o.MS2.NCGC00380110.01_C16H26O3_1.Propanone..3.hydroxy.1...1R.2R.4aR.6S.8aS..1.2.4a.5.6.7.8.8a.octahydro.2.hydroxy.1.2.6.trimethyl.1.naphthalenyl..",1.78368101191015,1.328472530424
"X0.58__258.90069999999997__.M.Na..__Unknown",0.846110154104171,1.32802273098816
"X0.579__481.94720000000001__.M.H..__Unknown",0.761233288595049,1.32699724238986
"X1.805__209.09503000000001__.M.H..__w.o.MS2.MLS000069600.01.CHALCONE614.47.1",2.01707364753326,1.32137912026858
"X1.145__148.05457999999999__.M.H..__w.o.MS2.Glutamic.acid",1.88134890166289,1.31971753280992
"X4.647__160.04292000000001__.M.H..__w.o.MS2.Brompheniramine",0.675038718375885,1.3128580507477
"X0.564__224.05269000000001__.M.H..__w.o.MS2.Unknown..carbon.number.10...PlaSMA.ID.852",0.312114879672855,1.31192985644508
"X0.717__157.06164999999999__.M.H.H2O..__Unknown",2.10382686592432,1.30751474351024
"X1.289__136.07607999999999__.M.H..__w.o.MS2.3..Aminoacetophenone",2.18397772547215,1.30500384167191
"X0.579__413.96123999999998__.M.H..__Unknown",0.880637702651502,1.30394549136736
"X3.686__212.03371999999999__.M.Na..__w.o.MS2.alpha.cyano.4.hydroxycinnamic.acid..MALDI.TOFTOF..MS2..CE",0.436344611784917,1.29842289312122
"X0.634__298.10275000000001__.M.H..__w.o.MS2.ACTIPHENOL",2.22804604961596,1.29555741178981
"X1.01__75.02637__.M.Na..__Unknown",0.164214182094048,1.29433951880687
"X0.709__245.15268__.M.H..__w.o.MS2.KOBUSONE",0.267026724402328,1.29123282017592
"X3.685__190.05157__.M.H..__w.o.MS2.Kynurenic.acid..not.validated...PlaSMA.ID.553",2.25747222240935,1.27994940112847
"X0.582__284.00042999999999__.M.Na..__Unknown",0.704391977985322,1.27966187098277
"X3.439__287.09991__.M.H..__5.7.4..Trihydroxy.8.methylflavanone",1.12456515573614,1.27712356002093
"X0.58__122.92574__.M.H..__Unknown",0.187466479620569,1.2767166877481
"X2.263__138.05547000000001__.M.H..__w.o.MS2.Unknown..carbon.number.7...PlaSMA.ID.134",0.675275484517498,1.27342200189085
"X0.667__147.07874000000001__.M.H..__w.o.MS2.4.ureidobutanoic.acid",2.25209986797914,1.27315287087289
"X4.542__385.19860999999997__.M.H..__w.o.MS2.NCGC00180558.02.",0.762597384808836,1.27148608494891
"X5.415__369.20459__.M.H..__w.o.MS2..1R.4aS.10aR..7..2.hydroxypropan.2.yl..1.4a.dimethyl.9.oxo.3.4.10.10a.tetrahydro.2H.phenanthrene.1.carboxylic.acid",0.45000227315485,1.26762824263705
"X1.01__58.994990000000001__.M.H..__Unknown",0.419541381865068,1.26516169936356
"X0.591__500.03298999999998__.M.Na..__Unknown",1.34983632206167,1.26462097130162
"X1.038__308.09334999999999__.M.H..__w.o.MS2.Glutathione..reduced.",1.75023194455038,1.26258350995134
"X0.603__246.18407999999999__.M.H..__w.o.MS2.Unknown..carbon.number.11...PlaSMA.ID.1031",2.21585647591629,1.26242837577032
"X1.084__182.08507__.M.H..__w.o.MS2.Unknown..carbon.number.9...PlaSMA.ID.511",2.46216751921406,1.25660381583346
"X1.008__472.12173000000001__.M.H..__Unknown",0.412799242050237,1.24960260485152
"X2.63__350.11748999999998__.M.H..__w.o.MS2.Ampicillin..LC.ESI.QTOF..MS2..CE",0.783876217255862,1.24297188012751
"X0.908__130.05080000000001__.M.H..__w.o.MS2.Pyroglutamic.acid..not.validated..isomer.of.88...PlaSMA.ID.89",2.36592972661485,1.24148443875653
"X1.009__104.05304__.M.H..__Unknown",0.35258456641277,1.24052048219456
"X1.069__111.05534__.M.H..__w.o.MS2.1.Acetylimidazole",2.37873465631105,1.23167788740441
"X0.685__85.028310000000005__.M.H..__w.o.MS2.Unknown..carbon.number.4...PlaSMA.ID.2",0.190059178871049,1.23145300819635
"X1.937__146.06014999999999__.M.H..__w.o.MS2.4.Hydroxyquinoline..PlaSMA.ID.180",0.225574560461538,1.22788988324633
"X1.574__146.06030000000001__.M.H..__w.o.MS2.4.Hydroxyquinoline..PlaSMA.ID.180",2.09026572752496,1.2274307961487
"X0.987__323.98068000000001__.M.K..__Unknown",0.765970382427355,1.22709719942089
"X4.349__247.09496999999999__.M.H..__w.o.MS2..E.2S.3R..5..3.hydroxy.2..hydroxymethyl.phenyl.pent.4.ene.2.3.diol",1.23538966256504,1.22476033273872
"X0.58__448.02573000000001__.M.H..__Unknown",0.671134315029712,1.22204890566817
"X1.999__103.05457__.M.H..__w.o.MS2.Unknown..carbon.number.8...PlaSMA.ID.16",2.10818028629918,1.22101774934278
"X0.98__70.029150000000001__.M.H..__w.o.MS2.Oxazol",0.507801167629085,1.21864080560532
"X0.684__97.028559999999999__.M.H..__w.o.MS2.Propionic.acid",1.01210177465853,1.21651464553869
"X1.629__130.06524999999999__.M.H..__w.o.MS2.Indole.3.carbinol..LC.ESI.QTOF..MS2..CE",1.0962930831004,1.21406632382232
"X2.434__243.05409__.M.K..__w.o.MS2.TRYPTOPHAN",0.846109862078348,1.20469239028116
"X3.325__171.1026__.M.H..__w.o.MS2.Unknown..carbon.number.9...PlaSMA.ID.398",1.24282446848117,1.2010930171099
"X1.459__220.07642000000001__.M.H..__w.o.MS2.O.SUCCINYL.L.HOMOSERINE",0.0205132195024822,1.20059035038978
"X4.08__251.08992000000001__.M.H..__w.o.MS2.NCGC00179979.02.6..3.hydroxybutan.2.yl..5..hydroxymethyl..4.methoxypyran.2.one",0.48286402319893,1.19836396829779
"X1.008__352.02377000000001__.M.H..__w.o.MS2.6.chloro.4.5.7.trihydroxy.9.10.dioxoanthracene.2.carboxylic.acid",0.66293406028102,1.19813707017471
"X2.497__176.07837000000001__.M.H..__w.o.MS2.allantonin",0.126416265894167,1.1963222878016
"X0.788__252.92823999999999__.M.H..__Unknown",0.928828883580505,1.19308192154795
"X6.078__302.31317000000001__.M.H..__w.o.MS2.MLS001066334.01.D.erythro.Dihydrosphingosine764.22.7",0.140721234800616,1.19025478977916
"X1.009__74.06__.M.H..__w.o.MS2.N.N.Dimethylformamide",2.33705901755469,1.18655191334285
"X6.191__296.22397000000001__.M.H..__w.o.MS2.Unknown..carbon.number.17...PlaSMA.ID.1530",0.0411079204072106,1.18044719429426
"X0.982__113.03634__.M.H..__Uracil..CE10..ISAKRJDGNUQOIC.UHFFFAOYSA.N",0.143239905903854,1.16014284007946
"X0.579__351.98876999999999__.M.Na..__Unknown",1.27273278405318,1.15828957523783
"X6.14__286.32269000000002__.M.H..__Unknown",0.36090113747123,1.15628404964906
"X2.432__117.05843__.M.H..__w.o.MS2.Ketoisovaleric.acid",0.0103027686778717,1.15455009020292
"X2.197__144.04822999999999__.M.H..__w.o.MS2.4.Methyl.5.thiazoleethanol",0.508513315295076,1.15176810173165
"X1.631__175.08632__.M.H..__w.o.MS2.Unknown..carbon.number.8...PlaSMA.ID.417",0.788794369919494,1.14866124531511
"X0.581__345.97512999999998__.M.H..__Unknown",0.421854509990345,1.14790293499387
"X0.878__72.080569999999994__.M.H..__w.o.MS2.Pyrrolidine..CE0..RWRDLPDLKQPQOW.UHFFFAOYSA.N",1.61714866125471,1.14552238813486
"X0.584__200.03999__.M.Na..__w.o.MS2.2.amino.3.prop.2.enylsulfinylpropanoic.acid",1.3767659523725,1.1385018013561
"X4.041__207.10066__.M.H..__w.o.MS2.Unknown..carbon.number.12...PlaSMA.ID.706",0.0655975877995543,1.13753806953106
"X1.076__124.039__.M.H..__Isonicotinic.acid..LC.ESI.QTOF..MS2..CE",2.4876177370179,1.13172076417423
"X3.921__481.21181999999999__.M.H..__Unknown",0.101017407683468,1.13137195021877
"X1.29__165.05426__.M.H..__w.o.MS2.Unknown..carbon.number.9...PlaSMA.ID.333",2.30043451207188,1.13047597236545
"X7.223__295.2038__.M.H..__w.o.MS2.ISOPALMITIC.ACID",0.201778259420099,1.12769314073931
"X1.585__152.05681999999999__.M.CH3OH.H..__w.o.MS2.Guanine..CE0..UYTPUPDQBNUYGX.UHFFFAOYSA.N",0.564974346188316,1.12430814745915
"X6.813__376.32330000000002__.M.Na..__w.o.MS2.N..3.Methoxybenzyl.palmitamide",0.491848128674227,1.11631344709916
"X1.609__276.14343000000002__.M.H.H2O..__w.o.MS2.Unknown..carbon.number.11...PlaSMA.ID.1286",1.88274748872318,1.10930881629202
"X0.802__234.05477999999999__.M.H..__Unknown",2.08285860666005,1.10840686826446
"X3.991__160.04408000000001__.M.H..__w.o.MS2.Brompheniramine",0.290726267459688,1.10731996766141
"X5.676__292.26431000000002__.M.H..__Unknown",0.166767408620404,1.10645368298217
"X1.083__312.11176__.M.H..__w.o.MS2.C11H21NO7S..PlaSMA.ID.1653",1.46116515807007,1.10399652600778
"X1.61__136.06087__.M.H..__Adenine..LC.ESI.QTOF..MS2..CE",0.816269979509889,1.10290199088889
"X0.666__219.02705__.M.K..__w.o.MS2.THEOBROMINE",1.95516859696585,1.10234708209598
"X1.456__132.10356__.M.H..__Leucine",0.525898813807638,1.09813361836289
"X1.011__77.006039999999999__.M.H..__Unknown",0.0185112455608637,1.09703676321455
"X0.896__158.95164__.M.H.H2O..__Unknown",0.347943874838778,1.09355432770926
"X7.068__523.32488999999998__.M.Na..__w.o.MS2.4...5..5.hydroxy.3.....2Z..2.methylbut.2.enoyl.oxy.methyl.pentyl..8a..hydroxymethyl..5.6.dimethyl.3.4.4a.5.6.7.8.8a.octahydronaphthalen.1.yl.methoxy..4.oxobutanoic.acid",0.0199776258646951,1.09238157328798
"X6.781__337.24032999999997__.M.H..__w.o.MS2.bis.2..pyridin.3.yl.piperidin.1.yl.methane",0.303092315807107,1.08880710076644
"X5.493__279.09369__.M.H..__Triphenylphosphine.oxide",0.0942331584128947,1.08671403299292
"X1.584__133.03191000000001__.M.H..__Unknown",0.752168544445834,1.08656641880433
"X2.246__242.10068999999999__.M.Na..__w.o.MS2.Zeatin",1.09109075140212,1.0852699650121
"X4.921__533.18768__.M.2H.2.__Unknown",0.258548030924708,1.0803098688329
"X7.219__311.25344999999999__.M.H..__w.o.MS2.NCGC00385642.01.1.4.dihydroxyheptadec.16.en.2.yl.acetate",0.809756387065225,1.07999031122864
"X1.913__184.16908000000001__.M.H..__Unknown",0.12495985811833,1.07442734882321
"X0.728__199.01794000000001__.M.K..__w.o.MS2.PUTRESCINE.DIHYDROCHLORIDE",1.94230935765697,1.06417069733376
"X7.124__325.27242999999999__.M.H..__w.o.MS2..3S..5...1R.2R.8aS..2.hydroxy.2.5.5.8a.tetramethyl.3.4.4a.6.7.8.hexahydro.1H.naphthalen.1.yl..3.methylpentanoic.acid",0.612719473200489,1.06109740993205
"X1.086__162.06247999999999__.M.H..__w.o.MS2.Unknown..carbon.number.9...PlaSMA.ID.300",0.484981705957784,1.06065863845967
"X6.81__392.30063000000001__.M.K..__Unknown",0.732678776243888,1.05965138096943
"X7.585__360.32657__.M.Na..__w.o.MS2.phenylethylamide.359",0.927539256971802,1.05785921422073
"X6.812__336.32754999999997__.M.H.H2O..__Unknown",1.56933747040699,1.05685221319466
"X5.902__415.21395999999999__.M.H..__w.o.MS2.MMV020623",0.968383279030189,1.05399597303829
"X1.008__337.05840999999998__.M.K..__w.o.MS2.Velutin",0.373941340882781,1.05034444408452
"X1.153__163.01883000000001__.M.H..__Unknown",0.800026833384047,1.04954209932141
"X5.675__231.14333999999999__.M.Na..__w.o.MS2.lindenenol",0.185467678924435,1.04810028176478
"X2.905__234.20707999999999__.M.H..__Unknown",0.694857128134611,1.04789871755517
"X3.093__486.04108000000002__.M.H..__Unknown",0.322840063512225,1.04736577948866
"X0.981__96.007580000000004__.M.H..__Unknown",0.268209124079456,1.04628958552741
"X5.97__318.29723999999999__.M.H..__w.o.MS2.Phytosphingosine..not.validated..isomer.of.1696...PlaSMA.ID.1697",0.121211756365231,1.04519317251678
"X5.458__250.17918__.M.Na..__w.o.MS2.NCGC00380352.01.5.butyl.4.hydroxy.3.methyl.6..3.methylbut.2.enyl..1H.pyridin.2.one",1.994806586786,1.04255845817289
"X1.009__355.03084999999999__.M.H..__w.o.MS2.Pinoquercetin",0.769074391847136,1.03474312271777
"X3.095__162.03931__.M.H..__Unknown",0.553745638091922,1.03253711498267
"X2.434__409.18682999999999__.M.H..__w.o.MS2.eudesmin",0.986098476752736,1.03170691188245
"X1.611__294.15420999999998__.M.H..__w.o.MS2.N.Fructosyl.isoleucine..PlaSMA.ID.1496",1.76077277231267,1.03131328940806
"X6.403__338.22640999999999__.M.H..__w.o.MS2.Lobeline.Hydrochloride",0.810706119328786,1.02849879157126
"X1.161__98.983879999999999__.M.H..__Unknown",1.46958739491063,1.02196853910772
"X6.081__186.18584000000001__.M.H..__Unknown",1.98988379857947,1.01628205258172
"X1__412.97314__.M.K..__Unknown",0.0680261634578119,1.01625920011623
"X5.757__275.16208__.M.H..__w.o.MS2.NCGC00380303.01..E..7.methylidene.10.oxo.4.propan.2.ylundec.5.enoic.acid",0.818439190192455,1.01625394996649
"X7.016__350.17809999999997__.M.H..__w.o.MS2.MMV688888",0.0340832728481499,1.00884118635568
"X0.859__98.984960000000001__.M.H..__Unknown",0.000785944283533795,1.00779415382644
"X0.785__156.07559000000001__.M.H..__w.o.MS2.3..1.Pyrazolyl..alanine",1.29824991023456,1.00722655267399
"X3.923__241.10565__.M.H..__w.o.MS2.NCGC00169556.02.3..3.4.5.trimethoxyphenyl.propanoic.acid",0.838285216911253,1.00662733632384
"X5.992__207.13354000000001__.M.H..__w.o.MS2.Ibuprofen",0.516768685425923,1.00623967993835
"X8.208__507.41208__.M.H..__w.o.MS2.Valactamide.A.putative",1.48207059211837,1.00461005475589
"X4.92__336.21679999999998__.M.H..__Unknown",2.13859333694976,1.00400866243121
"X6.228__235.17054999999999__.M.H..__w.o.MS2.Isocurcumenol",0.972703561668353,0.998473846990347
"X7.121__394.34579000000002__.M.H..__Unknown",0.0421478206858536,0.99664617834674
"X1.164__186.99564000000001__.M.H..__w.o.MS2.D.....3.PHOSPHOGLYCERIC.ACID",0.331957349045274,0.993760946469697
"X0.682__184.07486__.M.H..__w.o.MS2.Phosphocholine",2.07016304443093,0.985682918913856
"X6.845__352.32128999999998__.M.H..__Unknown",1.43898348483119,0.984243863383385
"X6.21__253.22301999999999__.M.H..__w.o.MS2.MLS002639189.01.",0.94287200522056,0.980338112384656
"X3.811__500.19774999999998__.M.H..__w.o.MS2.N..4.5.dihydroxy.2...4..hydroxy.phenyl.methyl..5.oxo.3.phenyl.2H.furan.2.yl.oxy..6..methoxymethyl.oxan.3.yl.acetamide",0.232462625025304,0.975668874011174
"X6.271__328.31873000000002__.M.H..__w.o.MS2.Stearoyl.Ethanolamide",2.46125323752657,0.975370076430644
"X2.682__505.18524000000002__.M.H..__w.o.MS2.2..2.6.bis.3.methylbut.2.enyl..4...2S.3R.4S.5S.6R..3.4.5.trihydroxy.6..hydroxymethyl.oxan.2.yl.oxyphenyl..2.hydroxyacetic.acid",0.508349125144091,0.971218467073719
"X7.883__521.38726999999994__.M.H..__Unknown",0.933621937303895,0.971182961160682
"X3.467__201.05070000000001__.M.H..__w.o.MS2.Camalexin",1.2268816245139,0.965555543271495
"X5.823__253.14127999999999__.M.H..__w.o.MS2.NCGC00169882.02_C14H20O4_.8aR.12S.12aR..12.Hydroxy.4.methyl.4.5.6.7.8.8a.12.12a.octahydro.2H.3.benzoxecine.2.9.1H..dione",0.913274928985255,0.961355564166036
"X4.852__331.22494999999998__.M.H..__w.o.MS2.NCGC00180485.03_C21H32O4_.5beta.8alpha.9beta.10alpha.13alpha..18.Methoxy.18.oxokauran.17.oic.acid",0.572360229211015,0.961090475722546
"X1.01__91.021559999999994__.M.CH3OH.H..__Unknown",0.292584115406978,0.957823352871362
"X4.072__163.07662999999999__.M.H..__w.o.MS2.Isosafrole",0.221947227981416,0.957009551108978
"X4.291__146.06102000000001__.M.H.H2O..__w.o.MS2.4.Hydroxyquinoline..PlaSMA.ID.180",1.78561604842913,0.950165671577093
"X5.824__227.16176999999999__.M.H..__w.o.MS2.NCGC00381386.01.2..7.hydroxy.6.methyloctyl..2H.furan.5.one",0.771769121763737,0.944171470485635
"X8.902__311.25742000000002__.M.H..__w.o.MS2.NCGC00385642.01.1.4.dihydroxyheptadec.16.en.2.yl.acetate",0.840075688871375,0.941550874204171
"X1.008__357.02609000000001__.M.H.H2O..__w.o.MS2..E..1.4.bis.4.hydroxy.3.methoxyphenyl..2.3.dimethylbut.2.ene.1.4.dione",0.456774794579171,0.94044088177884
"X3.088__372.10061999999999__.M.Na..__w.o.MS2.Berberine.hydrochloride",0.295718483523572,0.936321610981761
"X0.921__84.04513__.M.H.H2O..__Unknown",1.68699019518829,0.9352015149661
"X6.138__299.16370000000001__.M.H..__w.o.MS2.MLS002154028.01.Trimeprazine.tartrate4330.99.8",0.556874850140173,0.934532905741349
"X3.092__434.07135__.M.H..__w.o.MS2.MMV676528",0.754510953329773,0.9316611202531
"X7.569__338.34433000000001__.M.H..__w.o.MS2.Erucamide",1.69890731066812,0.930980247599451
"X5.457__228.19637__.M.H..__Unknown",2.11955379495388,0.929360825278689
"X5.159__540.68871999999999__.M.2H.2.__Unknown",0.112368549049482,0.928912331719853
"X6.606__462.30016999999998__.M.H..__Unknown",0.345015209004499,0.928497839523759
"X4.349__262.05333999999999__.M.H..__w.o.MS2.Phosphotyrosine",0.371802229526095,0.92579435627922
"X6.291__293.21749999999997__.M.H..__w.o.MS2.Unknown..carbon.number.18...PlaSMA.ID.1487",0.13754199229958,0.923347640302926
"X4.651__114.03719__.M.H..__Unknown",0.462245393162089,0.923110960320044
"X0.692__316.98538000000002__.M.K..__Unknown",2.08129854913368,0.921169085771329
"X3.087__305.09694999999999__.M.H..__w.o.MS2.N.Acetyl.Asp.Glu",0.200165023986131,0.91936048790565
"X7.183__250.17766__.M.Na..__w.o.MS2.NCGC00380352.01.5.butyl.4.hydroxy.3.methyl.6..3.methylbut.2.enyl..1H.pyridin.2.one",0.915770453511635,0.918111655209189
"X7.368__347.29885999999999__.M.H..__w.o.MS2.3...Z..heptadec.10.enyl.benzene.1.2.diol",0.236056800737379,0.916624654199888
"X7.569__376.30083999999999__.M.K..__Unknown",0.699093637625937,0.910039058064532
"X1.459__263.04498000000001__.M.H..__w.o.MS2.Cadaverine.Tartrate",0.170274502621112,0.906130381861183
"X2.607__137.07096999999999__.M.H..__w.o.MS2.N.Methylnicotinamide..CE0..ZYVXHFWBYUDDBM.UHFFFAOYSA.N",1.66494072551247,0.900429815323538
"X6.691__228.24010999999999__.M.H..__Unknown",1.10766257726086,0.898843618062211
"X6.636__469.14159999999998__.M.H..__w.o.MS2.Unknown..carbon.number.20...PlaSMA.ID.2546",0.650635550292651,0.897628812521146
"X7.181__362.30333999999999__.M.H..__w.o.MS2.NCGC00386000.01.3.pentadecylbenzene.1.2.diol",0.950493964054094,0.896885724001424
"X4.554__197.12360000000001__.M.H..__w.o.MS2.Unknown..carbon.number.11...PlaSMA.ID.634",0.684918369775621,0.893097734151712
"X4.138__241.14152999999999__.M.CH3OH.H..__w.o.MS2.Imiquimod",0.681100030949245,0.886026658519665
"X3.993__191.08327__.M.H..__w.o.MS2.3.methyl.3.4.dihydro.1H.1.4.benzodiazepine.2.5.dione",0.539920490637338,0.884278282799185
"X6.616__385.17764__.M.H..__w.o.MS2..4aR..5.hydroxy.6.methoxy.1.1.dimethyl.7.propan.2.yl.2.3.4.9.10.10a.hexahydrophenanthrene.4a.carboxylic.acid",0.295403855101983,0.88140128932161
"X2.247__258.07211000000001__.M.K..__w.o.MS2.Orbencarb..LC.ESI.ITFT..MS2..CE",0.835875787205482,0.880192309613233
"X5.375__325.10736000000003__.M.K..__w.o.MS2.NCGC00169103.03_C19H18O6_Benz.3.4.anthra.1.2.b.oxirene.5.6.dione..1a.2.3.4.5b.11.11a.11b.octahydro.10.11.11a.trihydroxy.3.methyl.",0.545273050769528,0.878254721475935
"X0.729__115.05598999999999__.M.H..__w.o.MS2.Diallyl.Sulfide",2.2917694966133,0.87676852394992
"X7.218__193.0891__.M.H..__w.o.MS2.C11H12O3..PlaSMA.ID.584",0.581065215710869,0.873455604549204
"X0.726__292.12484999999998__.M.H..__w.o.MS2.Cyproconazole..LC.ESI.ITFT..MS2..CE",1.86400075354225,0.873110908828928
"X4.019__162.0925__.M.H..__w.o.MS2.Tryptophol",0.0121992869811733,0.871920685432932
"X7.361__379.31157999999999__.M.H..__w.o.MS2.monoolein",1.0852661745603,0.869811011120688
"X0.582__445.08026000000001__.M.Na..__w.o.MS2.mangiferin",1.53997523818318,0.866434413053811
"X3.78__183.06880000000001__.M.H..__w.o.MS2.Unknown..carbon.number.9...PlaSMA.ID.514",0.407103327256378,0.862975446412144
"X6.188__346.33013999999997__.M.H..__w.o.MS2.icos.19.ene.1.2.4.triol",2.55431378901209,0.859342661033673
"X0.581__407.01718__.M.H..__w.o.MS2.Methyl.Deoxycholate",0.133266921618445,0.853776697608885
"X1.082__138.09088__.M.H..__w.o.MS2.Unknown..carbon.number.8...PlaSMA.ID.137",1.10855543495542,0.847283727688914
"X1.011__321.08443999999997__.M.Na..__w.o.MS2.MMV010764",0.00383285689265719,0.847093569032387
"X6.536__315.15991000000002__.M.Na..__w.o.MS2.Safranin..LC.ESI.QTOF..MS2..CE",1.80902904685524,0.845036560797338
"X2.519__169.04911999999999__.M.H..__w.o.MS2.2.6.Dimethoxyquinone",0.638400068633011,0.842295104220112
"X0.513__265.01522999999997__.M.CH3OH.H..__Unknown",1.28407448354079,0.841728888600946
"X1.61__268.10373__.M.H..__Adenosine..LC.ESI.QTOF..MS2..CE",0.312253882885336,0.83538046403627
"X6.489__540.42609000000004__.M.H..__Unknown",0.597217967450335,0.828325952171088
"X6.341__312.37142999999998__.M.H..__Unknown",0.807305925835372,0.828265770633993
"X0.72__161.07374999999999__.M.H..__w.o.MS2.MLS001048867.01.1H.indole.3.carboxamide",2.20607151727146,0.82618567553616
"X1.459__154.08447000000001__.M.Na..__w.o.MS2.Dopamine..CE0..VYFYYTLLBUKUHU.UHFFFAOYSA.N",1.00153992880727,0.826177993992844
"X0.58__329.99657999999999__.M.H..__Unknown",1.30505813135839,0.82345511876126
"X6.681__521.32281__.M.H..__w.o.MS2.Poricoic.acid.A",0.352632640426858,0.822593699823901
"X2.338__178.09027__.M.H..__w.o.MS2.C10H11NO2..PlaSMA.ID.458",1.4666103931312,0.821583179922835
"X6.098__98.985680000000002__.M.H..__Unknown",0.775604607898357,0.820736339104411
"X7.226__151.07705999999999__.M.H..__w.o.MS2.Unknown..carbon.number.9...PlaSMA.ID.231",0.691048919324413,0.819320243415595
"X7.016__354.17340000000002__.M.H..__w.o.MS2.MLS002695993.01.35661.60.0",0.848084027346294,0.817009967769591
"X4.494__214.08488__.M.H..__w.o.MS2.MLS002153472.01.N.Phenylanthranilic.acid91.40.7",0.273762185726367,0.799634533810751
"X2.838__384.12860000000001__.M.H..__w.o.MS2.1.hydroxy.4...2S.3R.4S.5S.6R..3.4.5.trihydroxy.6..hydroxymethyl.oxan.2.yl.oxynaphthalene.2.carboxylic.acid",1.41841839539995,0.799025003204583
"X5.942__435.21643__.M.K..__w.o.MS2.76.25.5",1.35711908001743,0.795958081732926
"X1.088__177.94945__.M.H..__Unknown",0.617769125189227,0.79248900670275
"X0.671__104.10736__.M.H..__w.o.MS2.Choline..CE0..OEYIOHPDSNJKLS.UHFFFAOYSA.N",1.5930602979573,0.790899266609132
"X5.958__332.33548000000002__.M.H..__Unknown",0.653486571857966,0.788510733006478
"X7.126__545.40197999999998__.M.H..__Unknown",0.136004648620863,0.783217375178176
"X7.393__413.26001__.M.Na..__2.acetoxy.4.pentadecylbenzoic.acid",0.585279919125571,0.778443841195128
"X6.194__277.18047999999999__.M.H..__w.o.MS2.6.Shogaol",0.741046729415356,0.774117323606505
"X0.894__190.97855000000001__.M.H..__Unknown",0.14530283618632,0.768742606421616
"X0.799__146.11668__.M.H..__w.o.MS2.Acetylcholine..LC.ESI.QTOF..MS2..CE",0.0137816208518485,0.766297606555935
"X0.615__256.00081999999998__.M.H..__w.o.MS2.methyl.2...2.3.dihydroxybenzoyl.amino..3.hydroxypropanoate",0.109895524451166,0.766131720078641
"X3.635__191.07396__.M.H..__w.o.MS2.2.hydroxy.4.methyl.3H.benzo.e..1.4.diazepin.5.4H..one",0.542793520146541,0.764695107770518
"X0.823__224.93935999999999__.M.H..__Unknown",0.273818323965424,0.763172981882264
"X6.063__347.14053000000001__.M.Na..__w.o.MS2.N..3.4.dimethoxyphenethyl..1H.indole.3.carboxamide",0.640550754945341,0.756316073078802
"X7.123__365.34528__.M.H..__w.o.MS2.Heneicosanoic.acid..21.0.",0.345584057008144,0.751705996246605
"X6.539__347.10516000000001__.M.H..__w.o.MS2.Oryzalin",0.764414271392067,0.75156046051251
"X5.975__310.23257000000001__.M.CH3OH.H..__w.o.MS2.Melophlin.M",0.646790126744417,0.746915206553448
"X5.392__274.28564__.M.H..__Unknown",0.203026129872607,0.744942689862674
"X7.025__351.24707000000001__.M.H..__w.o.MS2.Unknown..carbon.number.21...PlaSMA.ID.1929",0.330629033654564,0.744553491644876
"X1.031__202.18224000000001__.M.H..__Unknown",0.431543526075761,0.740763435635862
"X0.705__74.096680000000006__.M.H..__w.o.MS2.Butylamine",0.836450796574879,0.736634681428045
"X8.786__561.46898999999996__.M.Na..__Unknown",1.5233125083041,0.732061691843536
"X8.933__381.35046__.M.H..__w.o.MS2.Brassicasterol..LC.APPI.QQ..MS2..CE",1.47451222409016,0.729629682536319
"X4.771__392.11380000000003__.M.2H.2.__w.o.MS2..MLS001140588.01.N..3..3.4.dimethoxyphenyl..4.oxochromen.2.yl.furan.2.carboxamide.",0.335509591842923,0.725807990181532
"X3.12__202.18088__.M.H..__Unknown",1.47409970762539,0.725345295373974
"X1.647__156.07687000000001__.M.H..__w.o.MS2.L.Histidine..CE0..HNDVDQJCIGZPNO.YFKPBYRVSA.N",0.0484986727856553,0.724719557322102
"X0.577__397.98815999999999__.M.H..__Unknown",1.3024956694094,0.723458380229643
"X4.953__241.142__.M.H..__w.o.MS2.Imiquimod",0.0978887297614924,0.721233721871528
"X3.853__418.14182__.M.Na..__w.o.MS2.Atalaphylline",0.443875094934575,0.720564785997403
"X2.993__160.13328999999999__.M.H..__w.o.MS2.4.aminovaleric.acid.betaine..CE0..RXHVPPWXTMHWGY.UHFFFAOYSA.N",1.08236899697141,0.713769793687375
"X3.089__388.07407000000001__.M.K..__Unknown",0.48664675142012,0.712516994183216
"X7.931__388.36068999999998__.M.Na..__Unknown",0.129353580900567,0.709483432003676
"X6.037__180.13929999999999__.M.H..__w.o.MS2..1..2.6.dimethylphenoxy.propan.2.amine.",0.981772650910269,0.709162772117752
"X4.578__264.23361__.M.H..__w.o.MS2.NCGC00385952.01_C15H26O_1.7.Dimethyl.7..4.methyl.3.penten.1.yl.bicyclo.2.2.1.heptan.2.ol",1.86743522474107,0.707274934845604
"X4.651__362.09793000000002__.M.2H.2.__w.o.MS2.Moguisteine",0.433181623535448,0.704221131428148
"X5.679__393.28789999999998__.M.H..__Unknown",1.04219472769436,0.699276027352259
"X0.983__95.024609999999996__.M.H.H2O..__Unknown",0.0186339390776551,0.692191206882187
"X0.611__99.093209999999999__.M.H..__Unknown",0.798139694353332,0.688270413124844
"X4.575__231.10056__.M.H..__w.o.MS2.MLS000069555.01.NAPROXEN.SODIUM",1.14754303122118,0.688054559982796
"X3.846__396.1626__.M.H..__w.o.MS2.NCGC00385007.01.methyl.4..1.3.dihydroxy.1..4.hydroxy.3.methoxyphenyl.propan.2.yl.oxy.3.methoxybenzoate",0.487904676969388,0.686832129553206
"X4.339__514.21056999999996__.M.H..__w.o.MS2.4..7.acetyloxy.5.chloro.3...1E.3E..3.5.dimethylhepta.1.3.dienyl..7.methyl.6.8.dioxoisoquinolin.2.yl.butanoic.acid",0.356271032139619,0.685985059606137
"X3.855__247.10905__.M.H..__w.o.MS2.MLS001066362.01.N.Acetyl.D.tryptophan",0.331686059916785,0.684746267305295
"X4.557__376.13256999999999__.M.H..__w.o.MS2.BEZ.M",0.484950347347315,0.682033341324822
"X1.146__115.02448__.M.H..__w.o.MS2.5.Fluro.2.pyrimidone",0.630529185479403,0.676825541524367
"X0.591__226.04044999999999__.M.H..__Unknown",0.499665105315456,0.67673852963694
"X7.533__373.23192999999998__.M.H..__w.o.MS2.5..5.methoxycarbonyl.5.8a.dimethyl.2.methylidene.3.4.4a.6.7.8.hexahydro.1H.naphthalen.1.yl..3.methylpentanoic.acid",0.188761817438894,0.676050211900173
"X6.116__356.35174999999998__.M.H..__Unknown",0.6264096178501,0.674671240068422
"X5.678__376.26067999999998__.M.H..__Unknown",0.893454588834556,0.66963040215295
"X1.348__200.97656000000001__.M.H..__Unknown",0.152089860478375,0.667359568959841
"X7.034__351.32303000000002__.M.H..__Unknown",0.123653476397211,0.667048940164411
"X0.737__276.99448000000001__.M.H..__Unknown",2.20457418483831,0.665983306794182
"X0.682__244.09419__.M.H.H2O..__w.o.MS2.Pesticide3_Carbofuran_C12H15NO3_Furadan",1.55152411233624,0.66116941956398
"X5.271__207.09741__.M.H..__w.o.MS2.3.methyl.6..2.methylpropyl.piperazine.2.5.dione",0.0841368738933568,0.644401966191296
"X7.023__376.31873000000002__.M.Na..__w.o.MS2.N..3.Methoxybenzyl.palmitamide",1.89016560627859,0.643070095934938
"X1.095__252.15924000000001__.M.H..__Unknown",0.480546053080531,0.635459795890867
"X0.676__497.04827999999998__.M.H..__Unknown",1.58768934610589,0.634222326327236
"X1.223__176.96213__.M.H..__Unknown",1.2235910733588,0.63301872604374
"X3.599__499.16753999999997__.M.H..__w.o.MS2.Mundulone.Acetate",0.269528897522212,0.622879516187161
"X5.68__435.33566000000002__.M.H..__w.o.MS2.Unknown..carbon.number.30...PlaSMA.ID.2370",1.16265826471883,0.620274544280948
"X5.903__432.23993000000002__.M.H..__w.o.MS2.N..2....1S.9aR..octahydro.1H.quinolizin.1.yl.methyl..3.oxo.1.2.3.4.tetrahydrobenzo.4.5.imidazo.1.2.a.pyrazin.8.yl.propionamide",1.13089775433838,0.619997116264225
"X4.402__248.14191__.M.H..__w.o.MS2.12.Cytisineacetamide",0.0916786335141209,0.619650599838637
"X2.526__316.21814000000001__.M.H..__w.o.MS2.NCGC00381331.01_C16H26O5_Pentanoic.acid..3.methyl...5.hydroxy.3..hydroxymethyl..6..1.methylethyl..2.oxo.3.cyclohexen.1.yl.ester",0.496388862641125,0.616585854172983
"X4.792__144.13963000000001__.M.H..__Unknown",0.803976389988922,0.616219545494779
"X0.514__198.94175999999999__.M.H..__Unknown",0.759444498098669,0.613285433880983
"X5.027__443.24484000000001__.M.H..__w.o.MS2.6.8.dihydroxy.2.2.4.4.tetramethyl.7..3.methylbutanoyl..9..2.methylpropyl..9H.xanthene.1.3.dione",0.538856848399362,0.612376122907307
"X7.36__395.28656000000001__.M.H..__w.o.MS2.Conessine",0.767322548095775,0.611576945468059
"X6.459__236.20265000000001__.M.Na..__Unknown",0.825558572293035,0.609496111878931
"X0.588__268.02832000000001__.M.Na..__Unknown",1.31717621735624,0.604503454262133
"X4.572__169.12546__.M.H..__w.o.MS2.Unknown..carbon.number.10...PlaSMA.ID.387",0.0209738932845787,0.602922522097055
"X0.68__446.15996999999999__.M.H..__w.o.MS2.MLS001158243.01.N..2.hydroxy.2.phenylethyl..2..4..4.methoxyphenyl..2.oxochromen.7.yl.oxyacetamide",1.77144542670968,0.60210255997246
"X3.182__186.18600000000001__.M.H..__Unknown",2.1341805394253,0.601776937049126
"X4.147__223.13869__.M.H..__w.o.MS2.Unknown..carbon.number.13...PlaSMA.ID.849",0.593867262481779,0.593505744618508
"X1.632__177.95822000000001__.M.H..__Unknown",0.40254675010992,0.590526424505275
"X2.614__180.13856999999999__.M.H..__w.o.MS2.MEX_180.1383_11.9",0.73020176022644,0.589706898422794
"X6.866__303.23259999999999__.M.H..__w.o.MS2.Kaurenic.acid",1.08654449999712,0.588576296582193
"X0.685__162.07615999999999__.M.H..__w.o.MS2.N.Methylglutamic.acid",1.94460454291681,0.587676931787802
"X8.208__523.39435000000003__.M.H..__Unknown",2.17111676285974,0.587477056450746
"X6.46__214.22044__.M.H..__Unknown",1.45965170525809,0.584210752326125
"X6.847__307.20605__.M.Na..__w.o.MS2..1R.3S.5S..8.methyl.8.azabicyclo.3.2.1.octan.3.yl.3.hydroxy.2.phenylpropanoate",0.00917118011702513,0.584094685252449
"X7.225__179.10856999999999__.M.H..__w.o.MS2.MLS001065600.01.",0.599094135269537,0.576311069891584
"X6.777__309.28003000000001__.M.H..__w.o.MS2.Sclareol",1.13133167589145,0.570501849012425
"X0.428__136.93093999999999__.M.H..__Unknown",0.905070309982885,0.564771101290586
"X4.492__258.06673999999998__.M.H..__w.o.MS2.Pesticide3_Thiobencarb_C12H16ClNOS_S..4.Chlorobenzyl..diethylcarbamothioate",0.0463344362286496,0.562879900015276
"X4.288__381.20364000000001__.M.H..__w.o.MS2.2..2.hydroxy.6.methylhept.5.en.2.yl..7..3.methylbut.2.enyl..2.3.dihydro.1.benzofuran.5.carboxylic.acid",0.0304111585880113,0.56141152643713
"X0.928__183.91463999999999__.M.H..__Unknown",0.27413102405971,0.561118454903416
"X1.072__131.0668__.M.H..__w.o.MS2.PANTOLACTONE",1.1921023191813,0.559295484315193
"X0.605__364.05880999999999__.M.H..__w.o.MS2.Guanosine.5..monophosphate..LC.ESI.QTOF..MS2..CE",0.253116145615371,0.550919331760818
"X0.514__166.96071000000001__.M.H..__Unknown",0.501466815763593,0.547458029849364
"X5.679__207.6095__.M.H..__Unknown",1.10059142101729,0.544307595803602
"X4.087__232.17075__.M.H..__w.o.MS2.Alpha.pyrrolidinovalerophenone",0.342729083076217,0.537134816501684
"X3.013__164.14410000000001__.M.H..__Unknown",0.657231656104108,0.535913243796701
"X3.914__173.07692__.M.H..__w.o.MS2.C8H12O4..PlaSMA.ID.403",0.287603447160811,0.531327568574125
"X3.486__240.14878999999999__.M.H..__Unknown",0.628446903638634,0.522966843162893
"X7.028__320.24691999999999__.M.H..__Unknown",0.457223345161041,0.521146198161246
"X1.12__156.07756000000001__.M.H..__w.o.MS2.Histidine",0.94253422625215,0.521070189758215
"X2.262__120.04451__.M.H..__Unknown",0.0215826693545228,0.518555116094086
"X6.129__337.07611__.M.Na..__7.8.dihydroxy.5.6.dimethoxy.2.phenyl.4H.chromen.4.one",0.826194892174186,0.51838744520932
"X4.166__427.65363000000002__.M.2H.2.__Unknown",0.29646103759279,0.513470687307568
"X2.647__205.08823000000001__.M.H..__w.o.MS2.1..4.hydroxy.3..3.methylbut.2.enyl.phenyl.ethanone",0.520285059698621,0.509575549159324
"X5.417__353.15726000000001__.M.H..__w.o.MS2.4.decyl.3.hydroxy.5.oxooxolane.2.3.dicarboxylic.acid",1.08078965337575,0.508435889344814
"X1.617__136.93144000000001__.M.H..__Unknown",0.415603540499987,0.505303483004316
"X5.612__313.19296000000003__.M.H..__w.o.MS2.55268.74.1",0.868225256696155,0.500001292635419
"X0.986__168.99323999999999__.M.H..__w.o.MS2.Phosphoenolpyruvic.acid",0.25438410521796,0.497391576332078
"X6.479__295.23615000000001__.M.H..__w.o.MS2.Unknown..carbon.number.18...PlaSMA.ID.1528",0.734439238135774,0.486270702260119
"X1.458__366.00011999999998__.M.H..__Unknown",0.711109101769076,0.481513477925577
"X7.533__339.29074000000003__.M.H..__Unknown",0.493191444527428,0.466048252782562
"X0.49__146.16550000000001__.M.H..__w.o.MS2.Spermidine..LC.ESI.QTOF..MS2..CE",0.879230453316139,0.455401738470071
"X6.422__317.13222999999999__.M.H..__w.o.MS2.2.morpholino.7H.naphtho.1.2.3.de.quinolin.7.one",1.05345277984182,0.44150688563053
"X8.613__379.33453__.M.H..__Unknown",1.19523017991503,0.438614654824025
"X0.586__196.03073000000001__.M.H..__w.o.MS2.N.Methylbenzylamine.Hydrochloride",0.115315981209118,0.43629021675856
"X4.724__446.16519__.M.2H.2.__w.o.MS2.1..3..2.3.dihydrobenzo.b..1.4.dioxin.6.yl..7.hydroxy.2.methyl.4.oxo.6.propyl.4H.chromen.8.yl..N.N.dimethylmethanaminium.chloride",0.151308196327853,0.43585747009983
"X0.591__138.06654__.M.H.H2O..__w.o.MS2.MLS001148230.01.......Chlorpheniramine.maleate.salt",0.101699712971534,0.434598912284708
"X4.664__249.12031999999999__.M.H..__w.o.MS2.MLS000860057.01.6.Hydroxymelatonin",0.372783105233037,0.431240807384904
"X1.198__177.95758000000001__.M.H..__Unknown",0.701182925768153,0.428902231831703
"X4.645__540.21258999999998__.M.H..__w.o.MS2.NCGC00385813.01_C25H30O12_.5E..5..2..beta.D.Glucopyranosyloxy.ethylidene..4....2E..3..4.hydroxy.3.methoxyphenyl..2.propenoyl.oxy..2.methyl.1.cyclopentene.1.carboxylic.acid",0.663744545593982,0.424650392823716
"X8.272__549.42273__.M.H..__Unknown",0.706340281180758,0.416673233544772
"X5.839__259.13198999999997__.M.H..__w.o.MS2.2.methoxy.5.methyl.3..2.methylbut.3.en.2.yl.chromen.4.one",1.26513909766807,0.411347427599991
"X6.783__325.24169999999998__.M.H..__w.o.MS2.C19H32O4..PlaSMA.ID.1756",0.632520904867319,0.404444303395443
"X4.884__225.11256__.M.H..__w.o.MS2..E.2S.3R..5..3.hydroxy.2..hydroxymethyl.phenyl.pent.4.ene.2.3.diol",0.546478701368655,0.404352763389828
"X3.495__128.1078__.M.H..__w.o.MS2.N.Cyclohexylformamide",0.136282028180906,0.399373337688009
"X0.734__134.1172__.M.H..__Unknown",0.309562596045562,0.396824240707013
"X2.081__100.07629__.M.H..__w.o.MS2.Unknown..carbon.number.5...PlaSMA.ID.14",0.39058807703696,0.395814173157668
"X0.593__294.02681999999999__.M.H..__Unknown",0.224942016177862,0.393427485399852
"X6.03__326.37839000000002__.M.H..__Unknown",0.140667721998961,0.390685095212469
"X0.861__136.93008__.M.H.H2O..__Unknown",0.56038073652287,0.380911569962715
"X0.586__212.85091__.M.K..__Unknown",0.558644560818618,0.370132204921954
"X6.01__387.19376__.M.H..__w.o.MS2.2..4a.methyl.8.methylidene.4..3.methylpentanoyloxy..1.2.3.4.5.6.7.8a.octahydronaphthalen.2.yl.prop.2.enoic.acid",0.413285933130731,0.367662469615141
"X0.854__174.14882__.M.H..__w.o.MS2.Unknown..carbon.number.9...PlaSMA.ID.410",0.086641212021238,0.363938619548595
"X6.011__446.26711999999998__.M.H..__Unknown",0.270375324695374,0.363816491838003
"X0.666__280.09488__.M.Na..__w.o.MS2.9.Methoxy.2.2.dimethyl.2.6.dihydro.pyrano.3.2.c.quinolin.5.one",0.753768360911749,0.3636197846439
"X5.073__511.68524000000002__.M.2H.2.__Unknown",0.181987795624103,0.358055082151921
"X0.482__112.11212999999999__.M.H..__Unknown",0.609522854862742,0.342309236508911
"X6.063__229.11754999999999__.M.H..__w.o.MS2.Proline.hydroxyproline",0.0709993740981639,0.33832668081662
"X8.264__449.38479999999998__.M.H..__w.o.MS2.friedelin",1.04170899356457,0.337744743875512
"X7.279__346.25882000000001__.M.H..__w.o.MS2.Unknown..carbon.number.18...PlaSMA.ID.1904",0.580815915506207,0.336684606098703
"X1.719__168.95728__.M.H..__Unknown",0.117310204349538,0.333631871623618
"X0.588__93.04522__.M.H..__Unknown",0.0438360763419794,0.333148486659886
"X3.444__350.11617999999999__.M.H..__w.o.MS2.MMV688889",0.0624952229024108,0.331691110433444
"X7.516__481.29802999999998__.M.H..__w.o.MS2.Smilagenin.Acetate",0.750633667243613,0.33010053204236
"X1.82__231.08731__.M.H..__w.o.MS2.Beta.Asarone",0.547034968715215,0.327691975965279
"X5.678__263.06464__.M.H..__w.o.MS2.MLS001240214.01.2..3.Chloro.2.methyl.phenylamino..nicotinic.acid",0.238710292268009,0.323333254679824
"X6.698__371.10924999999997__.M.H..__w.o.MS2.Chelerythrine",0.928420537358492,0.311993101806476
"X0.672__188.03769__.M.H..__w.o.MS2.Unknown..carbon.number.7...PlaSMA.ID.532",0.366031583566783,0.310426201784315
"X3.754__557.22240999999997__.M.H..__Unknown",0.126193199990062,0.304703906618016
"X7.018__282.23043999999999__.M.H..__w.o.MS2.MLS001148462.01.alverine",0.151619754360589,0.299817495536216
"X4.517__197.08624__.M.H..__w.o.MS2..MLS002207182.01.2..Hydroxy.4..6..dimethoxyacetophenone90.24.4.",1.00837734536796,0.296830768184289
"X3.853__220.09952999999999__.M.H..__w.o.MS2.Aniracetam",1.21839331507016,0.294298248029366
"X0.831__168.94781__.M.H..__Unknown",0.606969425312262,0.294086914119661
"X0.988__254.99437__.M.H..__Unknown",0.153724870245669,0.292435394152422
"X0.853__100.07642__.M.H..__w.o.MS2.Unknown..carbon.number.5...PlaSMA.ID.14",0.193677068420243,0.281195957685157
"X3.655__396.15850999999998__.M.H..__w.o.MS2.NCGC00385007.01.methyl.4..1.3.dihydroxy.1..4.hydroxy.3.methoxyphenyl.propan.2.yl.oxy.3.methoxybenzoate",0.291742657376261,0.280154630414616
"X4.653__377.07898__.M.2H.2.__w.o.MS2.Chlorogenic.acid",0.593365451508004,0.279324783221491
"X5.693__239.16209000000001__.M.H..__w.o.MS2.3.hydroxy.5.5.8a.trimethyl.3.4.4a.6.7.8.hexahydronaphthalene.2.carboxylic.acid",0.116198449793119,0.27689640772574
"X7.533__371.32468__.M.H..__Unknown",0.258239653281424,0.27442093672137
"X0.936__258.10955999999999__.M.H..__w.o.MS2.sn.Glycero.3.phosphocholine..LC.ESI.QTOF..MS2..CE",1.53135215819119,0.26386722872332
"X6.442__411.09656__.M.Na..__Unknown",0.731604822827508,0.261589004234039
"X0.876__234.90781999999999__.M.H..__Unknown",0.504041084716099,0.261430837094141
"X6.806__250.08751000000001__.M.H..__w.o.MS2.MLS001074296.01.2.Phenyl.4.quinolinecarboxylic.acid132.60.5",0.00107559867319856,0.253814746859348
"X1.876__206.13831999999999__.M.H..__w.o.MS2.AZELAIC.ACID",0.805929484869143,0.251549415717302
"X4.281__376.13335999999998__.M.H..__w.o.MS2.BEZ.M",1.00721755916677,0.248878901368467
"X7.638__562.37445000000002__.M.2H.2.__w.o.MS2.Rhodoxanthin..FAB.EBEB..MS2..m.z",0.697504058130135,0.247261472396696
"X6.675__501.08786__.M.K..__w.o.MS2.6...6.8.dihydroxy.7.methoxy.3.methyl.1.oxo.3.4.dihydroisochromen.4.yl.oxy..4.8.dihydroxy.7.methoxy.3.methyl.3.4.dihydroisochromen.1.one",1.09225391513008,0.241528490561957
"X6.676__485.12228__.M.Na..__Hispiduloside",1.01517323265001,0.23541958981537
"X5.377__113.06165__.M.H..__w.o.MS2.1.2.Cyclohexanedione",0.306373405256663,0.233853963953595
"X7.534__533.21123999999998__.M.H..__Unknown",0.0824855215162299,0.232233545958357
"X4.613__311.16034000000002__.M.H..__w.o.MS2..16alpha.17beta..estra.1.3.5.10..triene.3.16.17.triol",0.0462409505609885,0.225733885280085
"X6.969__335.29126000000002__.M.H..__w.o.MS2.arachidic.acid",0.737473244116438,0.21646526997909
"X6.442__427.07104__.M.K..__Unknown",0.634499877123199,0.215082130999568
"X6.807__400.16843__.M.K..__w.o.MS2.colchicine",0.101608673258149,0.208711076924242
"X0.662__296.06558__.M.K..__w.o.MS2.9.Methoxy.2.2.dimethyl.2.6.dihydro.pyrano.3.2.c.quinolin.5.one",0.786182190257656,0.205835749784788
"X4.648__350.11606__.M.2H.2.__w.o.MS2.MMV688889",0.856488818191944,0.19422705930281
"X2.511__132.10147000000001__.M.H..__w.o.MS2.Leucine",0.658319173693245,0.177747077110399
"X4.174__249.12058999999999__.M.H..__w.o.MS2.MLS000860057.01.6.Hydroxymelatonin",1.00977828379642,0.158852067493676
"X0.589__110.07162__.M.H..__Unknown",0.0545448581452511,0.154490233765704
"X1.013__63.006399999999999__.M.H..__Unknown",0.832710555437206,0.140877347511822
"X5.061__422.17282__.M.H..__w.o.MS2..MLS001141386.01..2S..2..3...10aS..1.3.dioxo.10.10a.dihydro.5H.imidazo.1.5.b.isoquinolin.2.yl.propanoylamino..3.phenylpropanoic.acid.",0.638911591210326,0.140760347598673
"X1.073__83.060940000000002__.M.H..__w.o.MS2.2.Methylimidazole",0.110665334526475,0.138168340176194
"X4.772__333.09246999999999__.M.H..__w.o.MS2.Sulochrin_120096",0.584537314165706,0.129288910888936
"X6.147__327.09116__.M.H..__w.o.MS2.Vicine",1.05860873587212,0.125555104565638
"X4.648__540.18829000000005__.M.H..__Unknown",0.419910861457368,0.104390376168117
"X0.588__113.10735__.M.H..__Unknown",0.230424132575268,0.101593655961205
"X0.852__154.94202999999999__.M.H..__Unknown",0.564472732720584,0.0718212335772423
