"","logFC","AveExpr","t","P.Value","adj.P.Val","B"
"X6.188__346.33013999999997__.M.H..__w.o.MS2.icos.19.ene.1.2.4.triol",1.5366,-0.46423,9.7425,8.6159e-16,3.8169e-13,25.497
"X6.271__328.31873000000002__.M.H..__w.o.MS2.Stearoyl.Ethanolamide",2.3541,-0.82612,9.2476,9.3868e-15,2.0792e-12,23.147
"X1.084__182.08507__.M.H..__w.o.MS2.Unknown..carbon.number.9...PlaSMA.ID.511",1.2739,-0.23615,8.8973,5.0872e-14,7.5121e-12,21.484
"X0.72__161.07374999999999__.M.H..__w.o.MS2.MLS001048867.01.1H.indole.3.carboxamide",-3.7436,-0.36717,-8.7337,1.1186e-13,1.2389e-11,20.709
"X0.692__316.98538000000002__.M.K..__Unknown",-4.4306,-1.0985,-8.5307,2.9718e-13,2.6063e-11,19.748
"X5.457__228.19637__.M.H..__Unknown",1.0638,-0.35059,8.4949,3.53e-13,2.6063e-11,19.579
"X0.77__176.09348__.M.H..__Unknown",3.343,-1.9088,8.3878,5.9027e-13,3.7356e-11,19.073
"X1.076__124.039__.M.H..__Isonicotinic.acid..LC.ESI.QTOF..MS2..CE",2.1151,-0.56388,8.3132,8.4421e-13,4.6748e-11,18.722
"X3.182__186.18600000000001__.M.H..__Unknown",-1.4944,-0.30547,-8.2223,1.3056e-12,6.4264e-11,18.293
"X1.069__111.05534__.M.H..__w.o.MS2.1.Acetylimidazole",1.3226,-0.32281,8.1267,2.0625e-12,8.5023e-11,17.844
"X0.729__115.05598999999999__.M.H..__w.o.MS2.Diallyl.Sulfide",-1.9041,0.097606,-8.1218,2.1112e-12,8.5023e-11,17.821
"X0.908__130.05080000000001__.M.H..__w.o.MS2.Pyroglutamic.acid..not.validated..isomer.of.88...PlaSMA.ID.89",2.1481,-0.86703,7.9815,4.1264e-12,1.5233e-10,17.162
"X7.569__338.34433000000001__.M.H..__w.o.MS2.Erucamide",1.3151,-0.37925,7.9057,5.922e-12,2.018e-10,16.808
"X5.458__250.17918__.M.Na..__w.o.MS2.NCGC00380352.01.5.butyl.4.hydroxy.3.methyl.6..3.methylbut.2.enyl..1H.pyridin.2.one",1.0418,-0.34488,7.8784,6.7436e-12,2.1339e-10,16.68
"X1.009__74.06__.M.H..__w.o.MS2.N.N.Dimethylformamide",1.7288,-0.53257,7.8143,9.1477e-12,2.7016e-10,16.381
"X0.603__246.18407999999999__.M.H..__w.o.MS2.Unknown..carbon.number.11...PlaSMA.ID.1031",1.1644,-0.40161,7.6952,1.6106e-11,4.4155e-10,15.825
"X1.005__148.09650999999999__.M.H..__w.o.MS2.Mevalonic.Acid.Lactone",1.8831,-0.85888,7.6845,1.6945e-11,4.4155e-10,15.775
"X1.289__136.07607999999999__.M.H..__w.o.MS2.3..Aminoacetophenone",1.0138,-0.036295,7.6487,2.0073e-11,4.9402e-10,15.609
"X1.611__294.15420999999998__.M.H..__w.o.MS2.N.Fructosyl.isoleucine..PlaSMA.ID.1496",-4.4517,-1.2468,-7.5514,3.181e-11,7.4168e-10,15.157
"X1.997__282.12006000000002__.M.H..__w.o.MS2.N..6.methoxypyridin.3.yl..1.methyl.1H.indole.6.carboxamide",1.1043,-0.28919,7.5381,3.3866e-11,7.5013e-10,15.096
"X1.609__276.14343000000002__.M.H.H2O..__w.o.MS2.Unknown..carbon.number.11...PlaSMA.ID.1286",-4.0531,-1.1321,-7.4964,4.1236e-11,8.6989e-10,14.903
"X3.685__190.05157__.M.H..__w.o.MS2.Kynurenic.acid..not.validated...PlaSMA.ID.553",1.4448,-0.40508,7.4666,4.7457e-11,9.5562e-10,14.765
"X0.705__381.08652000000001__.M.K..__w.o.MS2.Excavatin.L",2.7413,-1.7959,7.3792,7.1585e-11,1.3788e-09,14.362
"X4.92__336.21679999999998__.M.H..__Unknown",1.8639,-0.59791,7.3575,7.9305e-11,1.4638e-09,14.261
"X0.666__219.02705__.M.K..__w.o.MS2.THEOBROMINE",-3.01,-0.51481,-7.2015,1.6469e-10,2.9183e-09,13.545
"X1.999__103.05457__.M.H..__w.o.MS2.Unknown..carbon.number.8...PlaSMA.ID.16",0.68291,-0.026171,7.1593,2.006e-10,3.4179e-09,13.351
"X0.667__147.07874000000001__.M.H..__w.o.MS2.4.ureidobutanoic.acid",2.1254,-1.5285,7.1359,2.2372e-10,3.6707e-09,13.244
"X8.208__523.39435000000003__.M.H..__Unknown",-3.6092,-0.7566,-7.1214,2.3943e-10,3.7882e-09,13.178
"X0.68__446.15996999999999__.M.H..__w.o.MS2.MLS001158243.01.N..2.hydroxy.2.phenylethyl..2..4..4.methoxyphenyl..2.oxochromen.7.yl.oxyacetamide",-3.6928,-1.1998,-7.0086,4.0458e-10,6.1802e-09,12.664
"X0.634__298.10275000000001__.M.H..__w.o.MS2.ACTIPHENOL",4.3141,-2.0888,6.9412,5.5309e-10,8.1674e-09,12.358
"X1.038__308.09334999999999__.M.H..__w.o.MS2.Glutathione..reduced.",2.8651,-2.0097,6.8831,7.2351e-10,1.0339e-08,12.095
"X5.679__207.6095__.M.H..__Unknown",-2.0752,-1.0316,-6.8101,1.0136e-09,1.4032e-08,11.765
"X1.685__176.07056__.M.H..__w.o.MS2.3.Indoleacetic.acid..CE0..SEOVTRFCIGRIMH.UHFFFAOYSA.N",0.87431,-0.059959,6.7863,1.131e-09,1.5183e-08,11.658
"X7.023__376.31873000000002__.M.Na..__w.o.MS2.N..3.Methoxybenzyl.palmitamide",2.5025,-0.64514,6.7457,1.3626e-09,1.7675e-08,11.475
"X1.29__165.05426__.M.H..__w.o.MS2.Unknown..carbon.number.9...PlaSMA.ID.333",1.3857,-0.40022,6.7404,1.3964e-09,1.7675e-08,11.451
"X1.805__209.09503000000001__.M.H..__w.o.MS2.MLS000069600.01.CHALCONE614.47.1",1.4274,-0.56712,6.6322,2.2924e-09,2.8209e-08,10.967
"X2.672__136.06525__.M.H..__Adenine..LC.ESI.QTOF..MS2..CE",2.4584,-1.5376,6.5785,2.9288e-09,3.5067e-08,10.727
"X0.708__365.11212__.M.Na..__Melibiose",2.9503,-2.188,6.4775,4.6364e-09,5.405e-08,10.278
"X0.717__157.06164999999999__.M.H.H2O..__Unknown",2.9549,-1.6616,6.4593,5.0357e-09,5.7201e-08,10.197
"X0.844__256.08458999999999__.M.H..__w.o.MS2.Unknown..carbon.number.11...PlaSMA.ID.1107",2.9166,-1.7331,6.4154,6.1427e-09,6.8031e-08,10.003
"X6.081__186.18584000000001__.M.H..__Unknown",0.96808,-0.48027,6.3856,7.0276e-09,7.5932e-08,9.8719
"X0.682__244.09419__.M.H.H2O..__w.o.MS2.Pesticide3_Carbofuran_C12H15NO3_Furadan",-2.015,-0.74106,-6.3753,7.3626e-09,7.7657e-08,9.8264
"X0.685__162.07615999999999__.M.H..__w.o.MS2.N.Methylglutamic.acid",1.5891,-0.46324,6.3288,9.0805e-09,9.3551e-08,9.6216
"X0.682__184.07486__.M.H..__w.o.MS2.Phosphocholine",2.5234,-1.0696,6.228,1.4272e-08,1.4369e-07,9.1803
"X0.726__292.12484999999998__.M.H..__w.o.MS2.Cyproconazole..LC.ESI.ITFT..MS2..CE",-1.7932,0.37575,-6.1773,1.7899e-08,1.7621e-07,8.9594
"X0.701__277.14312999999999__.M.H..__w.o.MS2.3.7.Epoxycaryophyllan.6.Ol",3.7737,-2.3873,6.1485,2.0356e-08,1.9603e-07,8.834
"X0.728__199.01794000000001__.M.K..__w.o.MS2.PUTRESCINE.DIHYDROCHLORIDE",-1.836,-0.12823,-6.1147,2.3663e-08,2.2197e-07,8.6872
"X1.145__148.05457999999999__.M.H..__w.o.MS2.Glutamic.acid",1.5123,-0.61454,6.111,2.4051e-08,2.2197e-07,8.6713
"X5.68__435.33566000000002__.M.H..__w.o.MS2.Unknown..carbon.number.30...PlaSMA.ID.2370",-1.916,-0.94283,-6.0643,2.959e-08,2.6752e-07,8.4693
"X0.737__276.99448000000001__.M.H..__Unknown",-1.3895,0.2807,-6.0461,3.2074e-08,2.8417e-07,8.3908
"X1.574__146.06030000000001__.M.H..__w.o.MS2.4.Hydroxyquinoline..PlaSMA.ID.180",0.96117,-0.25855,6.0233,3.5483e-08,3.0821e-07,8.2923
"X4.578__264.23361__.M.H..__w.o.MS2.NCGC00385952.01_C15H26O_1.7.Dimethyl.7..4.methyl.3.penten.1.yl.bicyclo.2.2.1.heptan.2.ol",1.0939,-0.12691,5.9205,5.5811e-08,4.7547e-07,7.8512
"X7.585__360.32657__.M.Na..__w.o.MS2.phenylethylamide.359",1.2794,-0.28146,5.8022,9.3624e-08,7.8255e-07,7.3477
"X0.695__325.11284999999998__.M.H.H2O..__w.o.MS2.Disaccharide.Hex.Hex...PlaSMA.ID.1741",1.8388,-1.1194,5.7829,1.018e-07,8.3513e-07,7.2663
"X5.679__393.28789999999998__.M.H..__Unknown",-1.7195,-0.82116,-5.6413,1.8787e-07,1.4907e-06,6.6706
"X0.921__84.04513__.M.H.H2O..__Unknown",0.64537,-0.18655,5.6376,1.9089e-07,1.4907e-06,6.6551
"X2.672__298.10785__.M.H..__5..S.Methylthioadenosine..LC.ESI.QTOF..MS2..CE",2.5001,-1.7441,5.6365,1.9181e-07,1.4907e-06,6.6505
"X8.786__561.46898999999996__.M.Na..__Unknown",-2.4992,-0.87763,-5.6289,1.9819e-07,1.4963e-06,6.6187
"X0.802__234.05477999999999__.M.H..__Unknown",4.1309,-2.261,5.6276,1.9928e-07,1.4963e-06,6.6134
"X4.291__146.06102000000001__.M.H.H2O..__w.o.MS2.4.Hydroxyquinoline..PlaSMA.ID.180",-1.1492,-0.0090551,-5.5502,2.7766e-07,2.05e-06,6.2913
"X2.379__329.06792999999999__.M.H..__w.o.MS2.aflatoxin.G1",-1.4704,0.12029,-5.4629,4.027e-07,2.9245e-06,5.9305
"X6.062__249.18491__.M.H..__w.o.MS2.NCGC00380110.01_C16H26O3_1.Propanone..3.hydroxy.1...1R.2R.4aR.6S.8aS..1.2.4a.5.6.7.8.8a.octahydro.2.hydroxy.1.2.6.trimethyl.1.naphthalenyl..",-0.61674,-0.14389,-5.4125,4.9865e-07,3.563e-06,5.7233
"X0.878__72.080569999999994__.M.H..__w.o.MS2.Pyrrolidine..CE0..RWRDLPDLKQPQOW.UHFFFAOYSA.N",0.76532,-0.14301,5.3673,6.0334e-07,4.2425e-06,5.5386
"X0.676__497.04827999999998__.M.H..__Unknown",-2.9839,-0.53499,-5.1517,1.4824e-06,1.0261e-05,4.6684
"X6.536__315.15991000000002__.M.Na..__w.o.MS2.Safranin..LC.ESI.QTOF..MS2..CE",-2.3658,-1.2883,-5.1228,1.67e-06,1.1382e-05,4.5532
"X0.513__265.01522999999997__.M.CH3OH.H..__Unknown",-2.4701,-0.46412,-4.9857,2.9261e-06,1.964e-05,4.0116
"X6.812__336.32754999999997__.M.H.H2O..__Unknown",3.5795,-2.1996,4.8234,5.6265e-06,3.7202e-05,3.3814
"X2.338__178.09027__.M.H..__w.o.MS2.C10H11NO2..PlaSMA.ID.458",-0.80701,0.015731,-4.7989,6.2042e-06,4.0418e-05,3.2873
"X0.725__116.07121__.M.H..__L.....Proline..LC.ESI.QTOF..MS2..CE",1.6125,-1.264,4.769,6.986e-06,4.4852e-05,3.1731
"X5.678__376.26067999999998__.M.H..__Unknown",-1.6895,-1.1506,-4.6579,1.083e-05,6.8537e-05,2.7516
"X0.904__189.12459000000001__.M.H..__w.o.MS2.N6.Acetyl.L.lysine..CE0..DTERQYGMUDWYAZ.ZETCQYMHSA.N",1.4557,-1.1299,4.6472,1.1295e-05,7.0474e-05,2.7112
"X2.607__137.07096999999999__.M.H..__w.o.MS2.N.Methylnicotinamide..CE0..ZYVXHFWBYUDDBM.UHFFFAOYSA.N",0.53425,-0.18546,4.6266,1.2242e-05,7.4634e-05,2.6339
"X3.12__202.18088__.M.H..__Unknown",-0.72277,-0.19949,-4.6254,1.2299e-05,7.4634e-05,2.6295
"X8.933__381.35046__.M.H..__w.o.MS2.Brassicasterol..LC.APPI.QQ..MS2..CE",-1.1515,-0.51852,-4.6006,1.3548e-05,8.1104e-05,2.5366
"X0.49__146.16550000000001__.M.H..__w.o.MS2.Spermidine..LC.ESI.QTOF..MS2..CE",1.7898,1.4669,4.559,1.5922e-05,9.4045e-05,2.3817
"X7.569__376.30083999999999__.M.K..__Unknown",1.4072,-0.0075042,4.538,1.7273e-05,0.00010068,2.3036
"X0.582__445.08026000000001__.M.Na..__w.o.MS2.mangiferin",-0.97285,-1.0606,-4.407,2.854e-05,0.0001642,1.8227
"X5.417__353.15726000000001__.M.H..__w.o.MS2.4.decyl.3.hydroxy.5.oxooxolane.2.3.dicarboxylic.acid",2.4901,-1.2755,4.2351,5.4458e-05,0.00030591,1.2056
"X6.845__352.32128999999998__.M.H..__Unknown",3.4204,-2.4647,4.2346,5.4553e-05,0.00030591,1.2039
"X5.061__422.17282__.M.H..__w.o.MS2..MLS001141386.01..2S..2..3...10aS..1.3.dioxo.10.10a.dihydro.5H.imidazo.1.5.b.isoquinolin.2.yl.propanoylamino..3.phenylpropanoic.acid.",1.6334,-1.3401,4.2212,5.7343e-05,0.00031753,1.1564
"X6.46__214.22044__.M.H..__Unknown",-0.40062,-0.13848,-4.1503,7.4497e-05,0.00040743,0.90711
"X7.181__362.30333999999999__.M.H..__w.o.MS2.NCGC00386000.01.3.pentadecylbenzene.1.2.diol",0.77366,0.17737,4.0766,9.7503e-05,0.00052675,0.65116
"X1.083__312.11176__.M.H..__w.o.MS2.C11H21NO7S..PlaSMA.ID.1653",-2.1706,-0.45469,-4.07,9.9848e-05,0.00053292,0.62857
"X0.611__99.093209999999999__.M.H..__Unknown",-0.83239,-0.34495,-4.0497,0.0001075,0.00056691,0.55846
"X8.208__507.41208__.M.H..__w.o.MS2.Valactamide.A.putative",-1.662,-0.28899,-4.0267,0.00011682,0.00060882,0.4795
"X0.895__136.06218000000001__.M.H..__w.o.MS2.Adenine..CE0..GFFGJBXGBJISGV.UHFFFAOYSA.N",1.6148,-1.1249,3.991,0.00013282,0.00068418,0.35768
"X0.84__204.12270000000001__.M.H..__w.o.MS2.Acetylcarnitine",1.2298,-0.92976,3.9602,0.00014825,0.0007549,0.25346
"X6.194__277.18047999999999__.M.H..__w.o.MS2.6.Shogaol",-0.53427,-0.5226,-3.8978,0.00018507,0.00093164,0.043416
"X6.866__303.23259999999999__.M.H..__w.o.MS2.Kaurenic.acid",-0.71187,0.26365,-3.8425,0.00022486,0.0011192,-0.14076
"X5.905__437.19528000000003__.M.Na..__w.o.MS2.NCGC00384865.01.5.hydroxy.7..4.hydroxy.2.methoxy.3..3.methylbut.2.enyl.phenyl..2.2.dimethyl.7.8.dihydropyrano.3.2.g.chromen.6.one",2.2905,-0.75665,3.825,0.00023906,0.0011767,-0.1986
"X0.584__200.03999__.M.Na..__w.o.MS2.2.amino.3.prop.2.enylsulfinylpropanoic.acid",-0.49106,-0.53795,-3.8139,0.00024846,0.0012095,-0.23504
"X0.591__500.03298999999998__.M.Na..__Unknown",1.3759,-1.083,3.7968,0.00026378,0.0012701,-0.29151
"X0.577__397.98815999999999__.M.H..__Unknown",-0.46709,-0.409,-3.792,0.00026822,0.0012776,-0.30728
"X4.792__144.13963000000001__.M.H..__Unknown",-0.5509,-0.70446,-3.7786,0.000281,0.0013243,-0.3512
"X7.183__250.17766__.M.Na..__w.o.MS2.NCGC00380352.01.5.butyl.4.hydroxy.3.methyl.6..3.methylbut.2.enyl..1H.pyridin.2.one",0.75294,0.059891,3.7507,0.00030944,0.001443,-0.44211
"X6.228__235.17054999999999__.M.H..__w.o.MS2.Isocurcumenol",-0.39561,-0.46634,-3.7293,0.00033309,0.0015146,-0.51152
"X0.588__268.02832000000001__.M.Na..__Unknown",-0.51624,-0.62912,-3.7289,0.00033361,0.0015146,-0.51299
"X3.325__171.1026__.M.H..__w.o.MS2.Unknown..carbon.number.9...PlaSMA.ID.398",-0.37626,-0.26635,-3.7276,0.00033506,0.0015146,-0.51707
"X0.936__258.10955999999999__.M.H..__w.o.MS2.sn.Glycero.3.phosphocholine..LC.ESI.QTOF..MS2..CE",1.2307,-0.47112,3.7041,0.00036327,0.0016255,-0.59319
"X0.671__104.10736__.M.H..__w.o.MS2.Choline..CE0..OEYIOHPDSNJKLS.UHFFFAOYSA.N",0.62645,-0.2936,3.6524,0.00043329,0.0019195,-0.75901
"X1.082__138.09088__.M.H..__w.o.MS2.Unknown..carbon.number.8...PlaSMA.ID.137",-0.38691,-0.083193,-3.5575,0.00059638,0.0026158,-1.0589
"X0.579__351.98876999999999__.M.Na..__Unknown",-0.63097,-0.728,-3.5459,0.00061975,0.0026917,-1.0949
"X2.838__384.12860000000001__.M.H..__w.o.MS2.1.hydroxy.4...2S.3R.4S.5S.6R..3.4.5.trihydroxy.6..hydroxymethyl.oxan.2.yl.oxynaphthalene.2.carboxylic.acid",1.2338,-0.8581,3.5399,0.00063241,0.00272,-1.1138
"X3.013__164.14410000000001__.M.H..__Unknown",-0.8053,-0.87859,-3.5122,0.00069335,0.0029534,-1.2
"X1.629__130.06524999999999__.M.H..__w.o.MS2.Indole.3.carbinol..LC.ESI.QTOF..MS2..CE",-2.3505,-1.1568,-3.48,0.00077094,0.0032526,-1.2992
"X2.993__160.13328999999999__.M.H..__w.o.MS2.4.aminovaleric.acid.betaine..CE0..RXHVPPWXTMHWGY.UHFFFAOYSA.N",-0.50074,0.023323,-3.4686,0.00080037,0.0033449,-1.3342
"X1.072__131.0668__.M.H..__w.o.MS2.PANTOLACTONE",-0.44699,0.0020465,-3.4603,0.00082257,0.0034056,-1.3598
"X0.575__507.05077999999997__.M.K..__w.o.MS2.ginnalin.A",-0.87104,-0.39112,-3.4457,0.00086272,0.0035387,-1.4043
"X3.853__220.09952999999999__.M.H..__w.o.MS2.Aniracetam",-0.84673,-0.54404,-3.4399,0.00087944,0.0035742,-1.4222
"X6.403__338.22640999999999__.M.H..__w.o.MS2.Lobeline.Hydrochloride",-0.32851,-0.26963,-3.421,0.00093517,0.0037662,-1.4795
"X5.942__435.21643__.M.K..__w.o.MS2.76.25.5",-0.6734,-0.043878,-3.4014,0.00099673,0.0039779,-1.539
"X0.72__113.00005__.M.H..__Unknown",1.491,0.80382,3.3459,0.0011922,0.0047157,-1.7058
"X0.482__112.11212999999999__.M.H..__Unknown",2.0257,1.8696,3.3114,0.0013313,0.0051942,-1.8084
"X5.903__432.23993000000002__.M.H..__w.o.MS2.N..2....1S.9aR..octahydro.1H.quinolizin.1.yl.methyl..3.oxo.1.2.3.4.tetrahydrobenzo.4.5.imidazo.1.2.a.pyrazin.8.yl.propionamide",-0.49811,-0.11796,-3.3101,0.0013366,0.0051942,-1.8121
"X3.439__287.09991__.M.H..__5.7.4..Trihydroxy.8.methylflavanone",-0.48533,-0.10109,-3.2214,0.0017689,0.0068143,-2.072
"X2.526__316.21814000000001__.M.H..__w.o.MS2.NCGC00381331.01_C16H26O5_Pentanoic.acid..3.methyl...5.hydroxy.3..hydroxymethyl..6..1.methylethyl..2.oxo.3.cyclohexen.1.yl.ester",-0.39765,-0.072908,-3.1866,0.0019715,0.0075291,-2.1723
"X0.785__156.07559000000001__.M.H..__w.o.MS2.3..1.Pyrazolyl..alanine",-0.42605,-0.25547,-3.1302,0.0023467,0.0088855,-2.3332
"X1.161__98.983879999999999__.M.H..__Unknown",-0.83025,-0.51797,-3.0812,0.0027254,0.010232,-2.4711
"X4.517__197.08624__.M.H..__w.o.MS2..MLS002207182.01.2..Hydroxy.4..6..dimethoxyacetophenone90.24.4.",-0.40961,-0.37648,-3.0387,0.0030999,0.01154,-2.5894
"X1.009__517.02832000000001__.M.K..__w.o.MS2.Isorhamnetin.3.galactoside",-0.77358,-0.23696,-2.9603,0.0039164,0.014458,-2.8037
"X3.092__434.07135__.M.H..__w.o.MS2.MMV676528",0.53035,-0.21806,2.926,0.0043326,0.015862,-2.896
"X6.813__376.32330000000002__.M.Na..__w.o.MS2.N..3.Methoxybenzyl.palmitamide",0.68082,-0.02808,2.9071,0.0045794,0.016628,-2.9466
"X1.223__176.96213__.M.H..__Unknown",-0.66328,-0.11938,-2.8972,0.0047129,0.016974,-2.9728
"X6.691__228.24010999999999__.M.H..__Unknown",-0.27805,-0.22806,-2.8717,0.0050758,0.018134,-3.0404
"X0.58__329.99657999999999__.M.H..__Unknown",-0.26115,-0.1817,-2.8648,0.0051789,0.018354,-3.0587
"X4.349__247.09496999999999__.M.H..__w.o.MS2..E.2S.3R..5..3.hydroxy.2..hydroxymethyl.phenyl.pent.4.ene.2.3.diol",-0.25897,-0.21435,-2.7514,0.0071584,0.025168,-3.3524
"X0.788__252.92823999999999__.M.H..__Unknown",0.79338,0.30879,2.7118,0.0079984,0.0279,-3.4527
"X0.685__85.028310000000005__.M.H..__w.o.MS2.Unknown..carbon.number.4...PlaSMA.ID.2",-1.134,1.4714,-2.7016,0.0082276,0.028475,-3.4781
"X5.375__325.10736000000003__.M.K..__w.o.MS2.NCGC00169103.03_C19H18O6_Benz.3.4.anthra.1.2.b.oxirene.5.6.dione..1a.2.3.4.5b.11.11a.11b.octahydro.10.11.11a.trihydroxy.3.methyl.",1.5897,-1.3737,2.6955,0.0083682,0.028737,-3.4934
"X7.016__354.17340000000002__.M.H..__w.o.MS2.MLS002695993.01.35661.60.0",1.4484,-0.89655,2.6703,0.0089735,0.030403,-3.5563
"X6.777__309.28003000000001__.M.H..__w.o.MS2.Sclareol",-0.47369,-0.060029,-2.6696,0.0089905,0.030403,-3.558
"X8.613__379.33453__.M.H..__Unknown",-0.7324,-0.044298,-2.6617,0.0091878,0.030835,-3.5775
"X4.575__231.10056__.M.H..__w.o.MS2.MLS000069555.01.NAPROXEN.SODIUM",-0.69805,-1.1592,-2.6506,0.0094733,0.031554,-3.605
"X0.514__198.94175999999999__.M.H..__Unknown",-0.74574,-0.24385,-2.6278,0.010084,0.033336,-3.6611
"X5.902__415.21395999999999__.M.H..__w.o.MS2.MMV020623",-0.48548,0.015997,-2.612,0.010524,0.034535,-3.6994
"X1.641__174.05601999999999__.M.H..__w.o.MS2.4.Quinolinecarboxylic.acid",0.42093,-0.0012884,2.5939,0.011055,0.036008,-3.7435
"X1.008__352.02377000000001__.M.H..__w.o.MS2.6.chloro.4.5.7.trihydroxy.9.10.dioxoanthracene.2.carboxylic.acid",-0.38074,0.13731,-2.5647,0.01196,0.038675,-3.8139
"X1.009__355.03084999999999__.M.H..__w.o.MS2.Pinoquercetin",-0.61261,0.14136,-2.5574,0.012197,0.039156,-3.8314
"X2.246__242.10068999999999__.M.Na..__w.o.MS2.Zeatin",0.19175,0.06823,2.5543,0.012298,0.039195,-3.8388
"X6.81__392.30063000000001__.M.K..__Unknown",0.84557,-0.39593,2.5333,0.013008,0.041161,-3.8888
"X0.571__246.03334000000001__.M.Na..__Unknown",-0.27993,-0.11409,-2.5161,0.013613,0.042769,-3.9293
"X6.01__387.19376__.M.H..__w.o.MS2.2..4a.methyl.8.methylidene.4..3.methylpentanoyloxy..1.2.3.4.5.6.7.8a.octahydronaphthalen.2.yl.prop.2.enoic.acid",-0.41595,-0.19429,-2.5099,0.013838,0.04317,-3.9439
"X6.037__180.13929999999999__.M.H..__w.o.MS2..1..2.6.dimethylphenoxy.propan.2.amine.",-0.56394,-0.34096,-2.4942,0.014425,0.044686,-3.9808
"X0.58__258.90069999999997__.M.Na..__Unknown",-0.32441,-0.40042,-2.4818,0.014904,0.045851,-4.0098
"X2.435__160.07657__.M.H..__w.o.MS2.Unknown..carbon.number.10...PlaSMA.ID.289",0.3812,0.069507,2.4496,0.016211,0.049527,-4.0844
"X5.839__259.13198999999997__.M.H..__w.o.MS2.2.methoxy.5.methyl.3..2.methylbut.3.en.2.yl.chromen.4.one",-1.4073,-1.1141,-2.3754,0.019624,0.059321,-4.2531
"X4.648__350.11606__.M.2H.2.__w.o.MS2.MMV688889",-0.9501,-0.31805,-2.3742,0.019684,0.059321,-4.2557
"X6.147__327.09116__.M.H..__w.o.MS2.Vicine",-1.0232,-0.62035,-2.3713,0.019827,0.059346,-4.2621
"X2.434__409.18682999999999__.M.H..__w.o.MS2.eudesmin",-0.67274,-0.36864,-2.3545,0.020692,0.061519,-4.2996
"X6.011__446.26711999999998__.M.H..__Unknown",-0.36523,-0.021454,-2.3405,0.021437,0.063311,-4.3307
"X5.757__275.16208__.M.H..__w.o.MS2.NCGC00380303.01..E..7.methylidene.10.oxo.4.propan.2.ylundec.5.enoic.acid",-0.47286,-0.1866,-2.2761,0.025181,0.073874,-4.4715
"X6.03__326.37839000000002__.M.H..__Unknown",-0.51132,-1.5189,-2.2583,0.026311,0.076683,-4.5098
"X1.009__519.01464999999996__.M.H..__Unknown",-0.79449,-0.39743,-2.2492,0.026909,0.077893,-4.5293
"X8.902__311.25742000000002__.M.H..__w.o.MS2.NCGC00385642.01.1.4.dihydroxyheptadec.16.en.2.yl.acetate",-0.38799,-0.20194,-2.2466,0.027078,0.077893,-4.5348
"X3.467__201.05070000000001__.M.H..__w.o.MS2.Camalexin",-1.2371,-1.0263,-2.2345,0.02789,0.079575,-4.5605
"X1.01__397.07754999999997__.M.H..__Unknown",-0.66294,0.14049,-2.2326,0.028022,0.079575,-4.5646
"X0.684__97.028559999999999__.M.H..__w.o.MS2.Propionic.acid",-1.5194,-1.1467,-2.1721,0.032445,0.091549,-4.6915
"X0.579__413.96123999999998__.M.H..__Unknown",-0.23979,-0.11527,-2.1642,0.03306,0.092193,-4.7077
"X1.086__162.06247999999999__.M.H..__w.o.MS2.Unknown..carbon.number.9...PlaSMA.ID.300",1.1187,-1.2669,2.1638,0.03309,0.092193,-4.7085
"X6.479__295.23615000000001__.M.H..__w.o.MS2.Unknown..carbon.number.18...PlaSMA.ID.1528",-0.77126,-0.60467,-2.1414,0.034909,0.096653,-4.7546
"X1.585__152.05681999999999__.M.CH3OH.H..__w.o.MS2.Guanine..CE0..UYTPUPDQBNUYGX.UHFFFAOYSA.N",0.37424,-0.42955,2.1255,0.036251,0.09964,-4.787
"X7.393__413.26001__.M.Na..__2.acetoxy.4.pentadecylbenzoic.acid",-0.65098,0.12095,-2.1233,0.036437,0.09964,-4.7914
"X2.345__146.11841000000001__.M.H..__w.o.MS2.Unknown..carbon.number.7...PlaSMA.ID.184",-0.17728,0.030975,-2.1146,0.03719,0.10107,-4.8089
"X8.264__449.38479999999998__.M.H..__w.o.MS2.friedelin",-1.5395,-0.87497,-2.1013,0.038373,0.10365,-4.8358
"X6.341__312.37142999999998__.M.H..__Unknown",-0.45569,-0.15854,-2.098,0.038674,0.10383,-4.8425
"X6.422__317.13222999999999__.M.H..__w.o.MS2.2.morpholino.7H.naphtho.1.2.3.de.quinolin.7.one",-0.84482,-0.75366,-2.0908,0.039331,0.10496,-4.8569
"X7.219__311.25344999999999__.M.H..__w.o.MS2.NCGC00385642.01.1.4.dihydroxyheptadec.16.en.2.yl.acetate",-0.33931,0.11018,-2.0826,0.040089,0.10602,-4.8732
"X5.823__253.14127999999999__.M.H..__w.o.MS2.NCGC00169882.02_C14H20O4_.8aR.12S.12aR..12.Hydroxy.4.methyl.4.5.6.7.8.8a.12.12a.octahydro.2H.3.benzoxecine.2.9.1H..dione",-0.4355,-0.14212,-2.081,0.040235,0.10602,-4.8763
"X7.883__521.38726999999994__.M.H..__Unknown",-0.45761,0.1955,-2.0788,0.040446,0.10602,-4.8808
"X1.031__202.18224000000001__.M.H..__Unknown",-0.34538,-0.12897,-2.0742,0.040875,0.10623,-4.8898
"X5.975__310.23257000000001__.M.CH3OH.H..__w.o.MS2.Melophlin.M",0.5657,-0.3222,2.0715,0.041138,0.10623,-4.8953
"X0.514__166.96071000000001__.M.H..__Unknown",-0.40356,-0.59061,-2.0704,0.041245,0.10623,-4.8975
"X2.614__180.13856999999999__.M.H..__w.o.MS2.MEX_180.1383_11.9",-0.22556,-0.0032831,-2.0626,0.04199,0.10752,-4.9128
"X1.61__136.06087__.M.H..__Adenine..LC.ESI.QTOF..MS2..CE",0.47622,-0.60446,2.0538,0.042857,0.10911,-4.9302
"X0.709__245.15268__.M.H..__w.o.MS2.KOBUSONE",-0.54118,0.31098,-2.0513,0.043109,0.10913,-4.9352
"X4.647__160.04292000000001__.M.H..__w.o.MS2.Brompheniramine",-0.19823,-0.077192,-2.0432,0.043914,0.11053,-4.951
"X6.116__356.35174999999998__.M.H..__Unknown",0.46903,-0.25903,2.0362,0.044627,0.11169,-4.9647
"X0.579__481.94720000000001__.M.H..__Unknown",-0.26068,-0.27547,-2.0214,0.046173,0.11491,-4.9936
"X1.12__156.07756000000001__.M.H..__w.o.MS2.Histidine",-0.24848,-0.069647,-2.018,0.046525,0.11514,-5
"X3.089__388.07407000000001__.M.K..__Unknown",0.74704,-0.53627,2.0122,0.047144,0.11542,-5.0112
"X6.539__347.10516000000001__.M.H..__w.o.MS2.Oryzalin",-0.58746,0.00043944,-2.0121,0.047157,0.11542,-5.0115
"X7.361__379.31157999999999__.M.H..__w.o.MS2.monoolein",-0.81951,-0.64958,-1.9997,0.048506,0.11807,-5.0354
"X5.824__227.16176999999999__.M.H..__w.o.MS2.NCGC00381386.01.2..7.hydroxy.6.methyloctyl..2H.furan.5.one",-0.37048,-0.42695,-1.985,0.050144,0.12099,-5.0634
"X1.631__175.08632__.M.H..__w.o.MS2.Unknown..carbon.number.8...PlaSMA.ID.417",0.27715,-0.16604,1.9841,0.050255,0.12099,-5.0653
"X2.081__100.07629__.M.H..__w.o.MS2.Unknown..carbon.number.5...PlaSMA.ID.14",-0.45343,-0.96495,-1.9643,0.052536,0.1258,-5.1028
"X0.569__423.08483999999999__.M.H..__w.o.MS2.5.hydroxy.6.8.dimethoxy.7...2S.3R.4S.5S.6R..3.4.5.trihydroxy.6..hydroxymethyl.oxan.2.yl.oxychromen.2.one",-0.4357,-0.46314,-1.9521,0.053996,0.1286,-5.1258
"X4.542__385.19860999999997__.M.H..__w.o.MS2.NCGC00180558.02.",-0.21286,-0.094648,-1.934,0.056218,0.13318,-5.1597
"X1.013__63.006399999999999__.M.H..__Unknown",-0.15204,0.002339,-1.926,0.057216,0.13482,-5.1745
"X2.63__350.11748999999998__.M.H..__w.o.MS2.Ampicillin..LC.ESI.QTOF..MS2..CE",-0.25893,-0.14396,-1.9203,0.057941,0.13541,-5.185
"X1.361__221.09215__.M.H..__w.o.MS2.5.Hydroxytryptophan",0.27159,0.067706,1.9193,0.058076,0.13541,-5.187
"X6.675__501.08786__.M.K..__w.o.MS2.6...6.8.dihydroxy.7.methoxy.3.methyl.1.oxo.3.4.dihydroisochromen.4.yl.oxy..4.8.dihydroxy.7.methoxy.3.methyl.3.4.dihydroisochromen.1.one",0.58332,-4.7447,1.911,0.059143,0.13717,-5.2022
"X4.174__249.12058999999999__.M.H..__w.o.MS2.MLS000860057.01.6.Hydroxymelatonin",-0.81105,-0.56629,-1.8951,0.061243,0.14131,-5.2314
"X1.584__133.03191000000001__.M.H..__Unknown",-0.29248,-0.030723,-1.883,0.062881,0.14433,-5.2534
"X0.705__74.096680000000006__.M.H..__w.o.MS2.Butylamine",0.18589,-0.098022,1.8775,0.063648,0.14528,-5.2635
"X1.008__323.06787000000003__.M.H..__w.o.MS2.3.4.DIMETHOXYDALBERGIONE",-0.33536,0.18915,-1.8753,0.06395,0.14528,-5.2674
"X7.516__481.29802999999998__.M.H..__w.o.MS2.Smilagenin.Acetate",0.72347,-0.16036,1.8439,0.068442,0.15469,-5.3238
"X6.21__253.22301999999999__.M.H..__w.o.MS2.MLS002639189.01.",-0.23004,-0.12855,-1.8274,0.070913,0.15946,-5.3531
"X6.806__250.08751000000001__.M.H..__w.o.MS2.MLS001074296.01.2.Phenyl.4.quinolinecarboxylic.acid132.60.5",-0.61478,-1.012,-1.824,0.071429,0.15981,-5.3591
"X0.428__136.93093999999999__.M.H..__Unknown",-0.39257,-0.13065,-1.8208,0.071916,0.16009,-5.3647
"X2.682__505.18524000000002__.M.H..__w.o.MS2.2..2.6.bis.3.methylbut.2.enyl..4...2S.3R.4S.5S.6R..3.4.5.trihydroxy.6..hydroxymethyl.oxan.2.yl.oxyphenyl..2.hydroxyacetic.acid",-0.73127,-0.36447,-1.8118,0.073309,0.16238,-5.3805
"X0.582__284.00042999999999__.M.Na..__Unknown",-0.27621,-0.44673,-1.7924,0.07639,0.16836,-5.4144
"X6.969__335.29126000000002__.M.H..__w.o.MS2.arachidic.acid",-0.71554,-0.013201,-1.7887,0.076986,0.16884,-5.4208
"X4.645__540.21258999999998__.M.H..__w.o.MS2.NCGC00385813.01_C25H30O12_.5E..5..2..beta.D.Glucopyranosyloxy.ethylidene..4....2E..3..4.hydroxy.3.methoxyphenyl..2.propenoyl.oxy..2.methyl.1.cyclopentene.1.carboxylic.acid",-1.3613,-2.0331,-1.7829,0.077925,0.17005,-5.4308
"X2.434__243.05409__.M.K..__w.o.MS2.TRYPTOPHAN",-0.1982,-0.043962,-1.7737,0.079447,0.17252,-5.4466
"X6.459__236.20265000000001__.M.Na..__Unknown",-0.36147,-0.15285,-1.7678,0.08044,0.17383,-5.4568
"X7.028__320.24691999999999__.M.H..__Unknown",-0.53253,-0.20735,-1.7484,0.083761,0.18013,-5.4899
"X2.905__234.20707999999999__.M.H..__Unknown",0.11751,0.058242,1.7306,0.086907,0.18599,-5.5199
"X6.098__98.985680000000002__.M.H..__Unknown",-0.23639,-0.29232,-1.7231,0.088266,0.18799,-5.5325
"X4.281__376.13335999999998__.M.H..__w.o.MS2.BEZ.M",-0.74999,-1.6861,-1.7121,0.090277,0.19135,-5.5508
"X1.459__154.08447000000001__.M.Na..__w.o.MS2.Dopamine..CE0..VYFYYTLLBUKUHU.UHFFFAOYSA.N",-0.18739,0.042517,-1.7045,0.091695,0.19343,-5.5635
"X3.923__241.10565__.M.H..__w.o.MS2.NCGC00169556.02.3..3.4.5.trimethoxyphenyl.propanoic.acid",-0.2599,-0.16367,-1.6933,0.093804,0.19671,-5.5819
"X1.008__357.02609000000001__.M.H.H2O..__w.o.MS2..E..1.4.bis.4.hydroxy.3.methoxyphenyl..2.3.dimethylbut.2.ene.1.4.dione",-0.34844,0.1928,-1.6916,0.094136,0.19671,-5.5847
"X2.247__258.07211000000001__.M.K..__w.o.MS2.Orbencarb..LC.ESI.ITFT..MS2..CE",0.16784,0.18302,1.6748,0.097397,0.20238,-5.6122
"X0.581__233.99332000000001__.M.K..__Unknown",0.47569,0.14899,1.6729,0.097764,0.20238,-5.6152
"X1.008__472.12173000000001__.M.H..__Unknown",-1.0354,-0.49741,-1.6662,0.099104,0.2042,-5.6262
"X7.36__395.28656000000001__.M.H..__w.o.MS2.Conessine",-0.56631,0.19685,-1.6388,0.1047,0.21474,-5.6703
"X2.245__220.11882__.M.H..__w.o.MS2.Cis.Zeatin..LC.ESI.ITFT..MS2..CE.44.0.eV...M.H..",0.14034,0.02898,1.6344,0.10563,0.21475,-5.6773
"X5.958__332.33548000000002__.M.H..__Unknown",-0.2932,0.046787,-1.6341,0.10568,0.21475,-5.6777
"X1.01__58.994990000000001__.M.H..__Unknown",0.10359,-0.013617,1.6287,0.10683,0.21609,-5.6863
"X3.991__160.04408000000001__.M.H..__w.o.MS2.Brompheniramine",-0.19869,-0.056587,-1.6152,0.10973,0.22094,-5.7077
"X0.588__93.04522__.M.H..__Unknown",0.08619,-0.030538,1.6115,0.11052,0.22094,-5.7135
"X6.807__400.16843__.M.K..__w.o.MS2.colchicine",-0.42917,-0.91903,-1.6088,0.11112,0.22094,-5.7177
"X2.432__144.08080000000001__.M.H..__w.o.MS2.1.Naphthylamine",-0.11719,-0.011289,-1.6083,0.11122,0.22094,-5.7185
"X4.651__114.03719__.M.H..__Unknown",-0.16954,-0.25848,-1.6011,0.11281,0.2231,-5.7297
"X3.855__247.10905__.M.H..__w.o.MS2.MLS001066362.01.N.Acetyl.D.tryptophan",0.29057,-0.22563,1.5817,0.11717,0.22982,-5.7598
"X1.632__177.95822000000001__.M.H..__Unknown",0.30428,-0.38009,1.5797,0.11763,0.22982,-5.7629
"X0.981__96.007580000000004__.M.H..__Unknown",0.13536,0.058457,1.5791,0.11776,0.22982,-5.7638
"X6.783__325.24169999999998__.M.H..__w.o.MS2.C19H32O4..PlaSMA.ID.1756",-0.59394,-0.42139,-1.5761,0.11846,0.23016,-5.7685
"X0.987__323.98068000000001__.M.K..__Unknown",0.2775,0.22079,1.5679,0.12036,0.23283,-5.781
"X0.586__212.85091__.M.K..__Unknown",0.27893,0.23845,1.5505,0.12447,0.23883,-5.8075
"X6.606__462.30016999999998__.M.H..__Unknown",0.28509,-0.24474,1.5503,0.12453,0.23883,-5.8079
"X6.616__385.17764__.M.H..__w.o.MS2..4aR..5.hydroxy.6.methoxy.1.1.dimethyl.7.propan.2.yl.2.3.4.9.10.10a.hexahydrophenanthrene.4a.carboxylic.acid",0.28924,-0.17389,1.5308,0.12928,0.24687,-5.8373
"X7.225__179.10856999999999__.M.H..__w.o.MS2.MLS001065600.01.",-0.38293,0.13687,-1.5232,0.13116,0.24938,-5.8486
"X1.009__172.0412__.M.Na..__w.o.MS2.p.Toluenesulfonamide",-0.1471,0.060613,-1.5067,0.13535,0.25517,-5.8731
"X2.236__181.08635000000001__.M.H..__w.o.MS2.Unknown..carbon.number.10...PlaSMA.ID.501",-0.11218,-0.16616,-1.5053,0.13569,0.25517,-5.875
"X1.459__263.19690000000003__.M.H..__w.o.MS2.7..2.hydroxypropan.2.yl..1.4a.dimethyl.2.3.4.5.6.7.8.8a.octahydronaphthalen.1.ol",0.59957,-0.013086,1.5044,0.13594,0.25517,-5.8764
"X0.589__110.07162__.M.H..__Unknown",0.085669,0.033928,1.4929,0.13892,0.25966,-5.8933
"X2.263__138.05547000000001__.M.H..__w.o.MS2.Unknown..carbon.number.7...PlaSMA.ID.134",-0.11682,-0.019843,-1.4896,0.13979,0.2602,-5.8981
"X6.676__485.12228__.M.Na..__Hispiduloside",0.45108,-5.4462,1.4803,0.14223,0.26364,-5.9116
"X0.672__188.03769__.M.H..__w.o.MS2.Unknown..carbon.number.7...PlaSMA.ID.532",-0.24612,0.0078078,-1.471,0.14472,0.26713,-5.925
"X5.612__313.19296000000003__.M.H..__w.o.MS2.55268.74.1",-0.37593,-0.45872,-1.4212,0.15867,0.29167,-5.9956
"X2.511__132.10147000000001__.M.H..__w.o.MS2.Leucine",-0.24577,-0.13339,-1.4133,0.16096,0.29465,-6.0065
"X6.138__299.16370000000001__.M.H..__w.o.MS2.MLS002154028.01.Trimeprazine.tartrate4330.99.8",-0.32144,-0.29804,-1.3936,0.16684,0.30405,-6.0338
"X3.846__396.1626__.M.H..__w.o.MS2.NCGC00385007.01.methyl.4..1.3.dihydroxy.1..4.hydroxy.3.methoxyphenyl.propan.2.yl.oxy.3.methoxybenzoate",0.51004,-0.28507,1.3913,0.16751,0.30405,-6.0368
"X6.489__540.42609000000004__.M.H..__Unknown",-0.27653,-0.16282,-1.3878,0.16858,0.30405,-6.0417
"X4.884__225.11256__.M.H..__w.o.MS2..E.2S.3R..5..3.hydroxy.2..hydroxymethyl.phenyl.pent.4.ene.2.3.diol",0.36442,0.096828,1.3869,0.16884,0.30405,-6.0428
"X0.98__70.029150000000001__.M.H..__w.o.MS2.Oxazol",0.085976,0.063891,1.371,0.17374,0.31161,-6.0644
"X6.681__521.32281__.M.H..__w.o.MS2.Poricoic.acid.A",0.46538,-0.49956,1.3523,0.17962,0.32085,-6.0894
"X1.009__419.05493000000001__.M.Na..__Unknown",-0.45865,0.21067,-1.3432,0.18255,0.32477,-6.1015
"X7.218__193.0891__.M.H..__w.o.MS2.C11H12O3..PlaSMA.ID.584",-0.25275,0.012388,-1.3293,0.18705,0.33145,-6.1197
"X0.591__138.06654__.M.H.H2O..__w.o.MS2.MLS001148230.01.......Chlorpheniramine.maleate.salt",0.075662,0.030002,1.3261,0.18813,0.33203,-6.124
"X0.662__296.06558__.M.K..__w.o.MS2.9.Methoxy.2.2.dimethyl.2.6.dihydro.pyrano.3.2.c.quinolin.5.one",0.3899,-0.10624,1.2793,0.20402,0.35818,-6.1839
"X6.14__286.32269000000002__.M.H..__Unknown",0.27332,-0.29853,1.2775,0.20466,0.35818,-6.1862
"X1.458__366.00011999999998__.M.H..__Unknown",-0.47452,-0.45132,-1.2755,0.20537,0.35818,-6.1887
"X1.008__337.05840999999998__.M.K..__w.o.MS2.Velutin",-0.60581,0.14865,-1.2654,0.20897,0.36303,-6.2014
"X0.579__367.96352999999999__.M.K..__Unknown",-0.19902,-0.28914,-1.2549,0.21271,0.36809,-6.2143
"X1.009__104.05304__.M.H..__Unknown",-0.19444,-0.14255,-1.2518,0.21385,0.36862,-6.2182
"X8.272__549.42273__.M.H..__Unknown",-0.31325,-0.079955,-1.2457,0.21606,0.37098,-6.2257
"X2.197__144.04822999999999__.M.H..__w.o.MS2.4.Methyl.5.thiazoleethanol",-0.14434,-0.016097,-1.238,0.2189,0.37441,-6.2352
"X0.605__364.05880999999999__.M.H..__w.o.MS2.Guanosine.5..monophosphate..LC.ESI.QTOF..MS2..CE",0.19579,0.22038,1.2277,0.22272,0.37949,-6.2477
"X1.198__177.95758000000001__.M.H..__Unknown",-0.30756,-0.48994,-1.207,0.23054,0.3913,-6.2725
"X4.554__197.12360000000001__.M.H..__w.o.MS2.Unknown..carbon.number.11...PlaSMA.ID.634",-0.13712,-0.24621,-1.196,0.2348,0.39699,-6.2856
"X3.093__486.04108000000002__.M.H..__Unknown",-0.36384,-0.34562,-1.1937,0.23569,0.39699,-6.2883
"X6.063__347.14053000000001__.M.Na..__w.o.MS2.N..3.4.dimethoxyphenethyl..1H.indole.3.carboxamide",-0.37321,-0.40769,-1.186,0.2387,0.40054,-6.2973
"X4.147__223.13869__.M.H..__w.o.MS2.Unknown..carbon.number.13...PlaSMA.ID.849",-0.23458,-0.26693,-1.1784,0.24172,0.40409,-6.3063
"X3.686__212.03371999999999__.M.Na..__w.o.MS2.alpha.cyano.4.hydroxycinnamic.acid..MALDI.TOFTOF..MS2..CE",0.13844,0.096807,1.1734,0.24368,0.40582,-6.312
"X7.279__346.25882000000001__.M.H..__w.o.MS2.Unknown..carbon.number.18...PlaSMA.ID.1904",0.2326,-0.4904,1.1633,0.24774,0.40973,-6.3236
"X2.647__205.08823000000001__.M.H..__w.o.MS2.1..4.hydroxy.3..3.methylbut.2.enyl.phenyl.ethanone",-0.50448,-0.50521,-1.163,0.24787,0.40973,-6.324
"X3.859__160.04425000000001__.M.H..__w.o.MS2.Brompheniramine",-0.13575,0.10371,-1.1495,0.25336,0.41536,-6.3394
"X1.153__163.01883000000001__.M.H..__Unknown",-0.1525,-0.044353,-1.1477,0.25409,0.41536,-6.3415
"X7.226__151.07705999999999__.M.H..__w.o.MS2.Unknown..carbon.number.9...PlaSMA.ID.231",-0.4147,-0.17763,-1.1477,0.25409,0.41536,-6.3415
"X7.638__562.37445000000002__.M.2H.2.__w.o.MS2.Rhodoxanthin..FAB.EBEB..MS2..m.z",-0.32119,0.059887,-1.1428,0.25611,0.41594,-6.347
"X4.492__258.06673999999998__.M.H..__w.o.MS2.Pesticide3_Thiobencarb_C12H16ClNOS_S..4.Chlorobenzyl..diethylcarbamothioate",-0.13227,-0.58898,-1.1401,0.25723,0.41594,-6.3501
"X3.635__191.07396__.M.H..__w.o.MS2.2.hydroxy.4.methyl.3H.benzo.e..1.4.diazepin.5.4H..one",0.16527,-0.024479,1.1397,0.25739,0.41594,-6.3505
"X3.993__191.08327__.M.H..__w.o.MS2.3.methyl.3.4.dihydro.1H.1.4.benzodiazepine.2.5.dione",0.12382,-0.10347,1.1378,0.2582,0.41594,-6.3527
"X0.982__113.03634__.M.H..__Uracil..CE10..ISAKRJDGNUQOIC.UHFFFAOYSA.N",0.10232,0.091596,1.1276,0.26246,0.42126,-6.3641
"X1.47__282.19207999999998__.M.H..__w.o.MS2.MLS001148620.01.",0.1353,-0.51948,1.1241,0.26393,0.4221,-6.368
"X2.241__162.05575999999999__.M.H..__w.o.MS2..MLS000860043.01.1.5.Isoquinolinediol.",0.16868,0.096671,1.1186,0.26625,0.42427,-6.3741
"X4.138__241.14152999999999__.M.CH3OH.H..__w.o.MS2.Imiquimod",-0.15571,-0.24523,-1.1133,0.26851,0.42635,-6.3799
"X1.146__115.02448__.M.H..__w.o.MS2.5.Fluro.2.pyrimidone",-0.1432,-0.12764,-1.1104,0.26975,0.42679,-6.3831
"X7.533__339.29074000000003__.M.H..__Unknown",-0.33995,-0.084593,-1.1059,0.27169,0.42805,-6.3881
"X1.876__206.13831999999999__.M.H..__w.o.MS2.AZELAIC.ACID",-0.093519,-0.053772,-1.104,0.27248,0.42805,-6.3901
"X0.58__448.02573000000001__.M.H..__Unknown",-0.22864,-0.024863,-1.0956,0.27613,0.43096,-6.3993
"X1.011__77.006039999999999__.M.H..__Unknown",0.096132,-0.058024,1.0946,0.27656,0.43096,-6.4003
"X3.853__418.14182__.M.Na..__w.o.MS2.Atalaphylline",0.30331,-0.20745,1.093,0.27725,0.43096,-6.402
"X0.564__224.05269000000001__.M.H..__w.o.MS2.Unknown..carbon.number.10...PlaSMA.ID.852",0.13564,0.14416,1.0815,0.28234,0.43734,-6.4145
"X1.82__231.08731__.M.H..__w.o.MS2.Beta.Asarone",0.097051,-0.48387,1.0384,0.30181,0.46495,-6.4597
"X0.591__226.04044999999999__.M.H..__Unknown",-0.12842,0.00078393,-1.0375,0.30227,0.46495,-6.4607
"X0.666__280.09488__.M.Na..__w.o.MS2.9.Methoxy.2.2.dimethyl.2.6.dihydro.pyrano.3.2.c.quinolin.5.one",0.30783,-0.50673,1.0337,0.30402,0.46567,-6.4645
"X5.027__443.24484000000001__.M.H..__w.o.MS2.6.8.dihydroxy.2.2.4.4.tetramethyl.7..3.methylbutanoyl..9..2.methylpropyl..9H.xanthene.1.3.dione",-0.14414,0.090219,-1.0319,0.30484,0.46567,-6.4664
"X5.992__207.13354000000001__.M.H..__w.o.MS2.Ibuprofen",-0.16453,0.0041303,-1.0202,0.31032,0.47241,-6.4782
"X2.433__142.06618__.M.H..__w.o.MS2.5.Hydroxymethylcytosine",-0.095409,0.012644,-1.0166,0.31206,0.47343,-6.4819
"X1.088__177.94945__.M.H..__Unknown",0.28133,-0.61827,1.0137,0.31342,0.47388,-6.4849
"X4.651__362.09793000000002__.M.2H.2.__w.o.MS2.Moguisteine",0.30445,-0.29964,1.0111,0.31462,0.47407,-6.4874
"X0.896__158.95164__.M.H.H2O..__Unknown",0.26398,-0.02319,0.99379,0.32295,0.48323,-6.5046
"X4.852__331.22494999999998__.M.H..__w.o.MS2.NCGC00180485.03_C21H32O4_.5beta.8alpha.9beta.10alpha.13alpha..18.Methoxy.18.oxokauran.17.oic.acid",-0.083794,-0.040675,-0.98927,0.32515,0.48323,-6.5091
"X3.78__183.06880000000001__.M.H..__w.o.MS2.Unknown..carbon.number.9...PlaSMA.ID.514",-0.17306,-0.3512,-0.98849,0.32553,0.48323,-6.5098
"X4.648__540.18829000000005__.M.H..__Unknown",-0.42561,-0.39716,-0.9874,0.32606,0.48323,-6.5109
"X6.781__337.24032999999997__.M.H..__w.o.MS2.bis.2..pyridin.3.yl.piperidin.1.yl.methane",0.20118,-0.12317,0.98517,0.32715,0.48323,-6.5131
"X5.159__540.68871999999999__.M.2H.2.__Unknown",-0.28457,-0.38284,-0.98496,0.32725,0.48323,-6.5133
"X3.095__162.03931__.M.H..__Unknown",0.10294,-0.17514,0.95774,0.34073,0.50147,-6.5395
"X4.653__377.07898__.M.2H.2.__w.o.MS2.Chlorogenic.acid",-0.248,-0.43656,-0.93486,0.35233,0.51581,-6.561
"X7.018__282.23043999999999__.M.H..__w.o.MS2.MLS001148462.01.alverine",0.15008,-0.0158,0.93394,0.3528,0.51581,-6.5619
"X4.921__533.18768__.M.2H.2.__Unknown",0.44257,-0.90049,0.9309,0.35436,0.51639,-6.5647
"X4.771__392.11380000000003__.M.2H.2.__w.o.MS2..MLS001140588.01.N..3..3.4.dimethoxyphenyl..4.oxochromen.2.yl.furan.2.carboxamide.",0.35947,-0.33965,0.92864,0.35553,0.51639,-6.5668
"X0.734__134.1172__.M.H..__Unknown",-0.20055,-0.20111,-0.9231,0.35839,0.51884,-6.5719
"X4.772__333.09246999999999__.M.H..__w.o.MS2.Sulochrin_120096",-0.47346,-0.58054,-0.91741,0.36135,0.52142,-6.5771
"X3.088__372.10061999999999__.M.Na..__w.o.MS2.Berberine.hydrochloride",0.15596,-0.064885,0.908,0.36627,0.52681,-6.5856
"X3.087__106.06570000000001__.M.H..__w.o.MS2.3.Methylthiopropylamine",-0.070604,-0.059314,-0.90574,0.36746,0.52681,-6.5877
"X1.913__184.16908000000001__.M.H..__Unknown",-0.076961,-0.069818,-0.88699,0.37742,0.53912,-6.6044
"X0.852__154.94202999999999__.M.H..__Unknown",-0.18237,0.031752,-0.885,0.37848,0.53912,-6.6061
"X4.08__251.08992000000001__.M.H..__w.o.MS2.NCGC00179979.02.6..3.hydroxybutan.2.yl..5..hydroxymethyl..4.methoxypyran.2.one",-0.12263,-0.08834,-0.88039,0.38096,0.54092,-6.6102
"X2.433__205.0983__.M.H..__Tryptophan..LC.ESI.QTOF..MS2..CE",-0.083915,0.060728,-0.871,0.38604,0.54637,-6.6183
"X5.073__511.68524000000002__.M.2H.2.__Unknown",-0.43219,-0.51599,-0.86848,0.38741,0.54657,-6.6205
"X0.861__136.93008__.M.H.H2O..__Unknown",-0.16411,-0.31223,-0.86516,0.38922,0.54716,-6.6234
"X2.262__120.04451__.M.H..__Unknown",0.099867,0.012026,0.86318,0.3903,0.54716,-6.6251
"X7.124__325.27242999999999__.M.H..__w.o.MS2..3S..5...1R.2R.8aS..2.hydroxy.2.5.5.8a.tetramethyl.3.4.4a.6.7.8.hexahydro.1H.naphthalen.1.yl..3.methylpentanoic.acid",-0.1715,0.47666,-0.84763,0.39886,0.5574,-6.6383
"X1.008__87.02569__.M.H..__Unknown",-0.047393,0.019576,-0.84188,0.40206,0.55943,-6.6431
"X5.392__274.28564__.M.H..__Unknown",-0.14663,-0.74645,-0.8397,0.40327,0.55943,-6.645
"X5.693__239.16209000000001__.M.H..__w.o.MS2.3.hydroxy.5.5.8a.trimethyl.3.4.4a.6.7.8.hexahydronaphthalene.2.carboxylic.acid",-0.14941,-0.55961,-0.836,0.40534,0.55943,-6.648
"X2.432__117.05843__.M.H..__w.o.MS2.Ketoisovaleric.acid",0.18939,-0.10491,0.83595,0.40537,0.55943,-6.6481
"X6.442__427.07104__.M.K..__Unknown",-0.20946,-3.3698,-0.80905,0.42059,0.57841,-6.6701
"X0.859__98.984960000000001__.M.H..__Unknown",0.24978,-0.63977,0.80707,0.42173,0.57841,-6.6717
"X5.675__231.14333999999999__.M.Na..__w.o.MS2.lindenenol",-0.21108,-0.015488,-0.80159,0.42487,0.57961,-6.6761
"X1.049__170.08148__.M.H..__w.o.MS2.PYRIDOXINE",-0.085649,0.12888,-0.79866,0.42656,0.57961,-6.6784
"X1.457__414.08483999999999__.M.H..__Unknown",-0.16491,-0.083814,-0.79664,0.42773,0.57961,-6.68
"X1.01__75.02637__.M.Na..__Unknown",0.041992,-0.031647,0.79645,0.42784,0.57961,-6.6802
"X2.519__169.04911999999999__.M.H..__w.o.MS2.2.6.Dimethoxyquinone",-0.20072,-0.051982,-0.77964,0.43762,0.59106,-6.6934
"X4.402__248.14191__.M.H..__w.o.MS2.12.Cytisineacetamide",-0.18266,0.40006,-0.77258,0.44177,0.59484,-6.6988
"X1.482__113.10822__.M.H..__Unknown",-0.093704,0.11557,-0.76719,0.44495,0.59731,-6.703
"X6.698__371.10924999999997__.M.H..__w.o.MS2.Chelerythrine",0.19812,-5.2438,0.76333,0.44724,0.59857,-6.7059
"X0.986__168.99323999999999__.M.H..__w.o.MS2.Phosphoenolpyruvic.acid",0.095684,-0.096283,0.76061,0.44885,0.59892,-6.708
"X3.655__396.15850999999998__.M.H..__w.o.MS2.NCGC00385007.01.methyl.4..1.3.dihydroxy.1..4.hydroxy.3.methoxyphenyl.propan.2.yl.oxy.3.methoxybenzoate",-0.31302,-0.1816,-0.75276,0.45353,0.60335,-6.7139
"X3.992__114.03863__.M.H..__Unknown",-0.057792,-0.067568,-0.73863,0.46203,0.61281,-6.7244
"X0.983__95.024609999999996__.M.H.H2O..__Unknown",0.073267,0.04899,0.71547,0.47615,0.62951,-6.7412
"X1.617__136.93144000000001__.M.H..__Unknown",-0.1705,0.074034,-0.71333,0.47746,0.62951,-6.7427
"X3.495__128.1078__.M.H..__w.o.MS2.N.Cyclohexylformamide",-0.24608,0.032882,-0.70728,0.4812,0.63255,-6.747
"X5.493__279.09369__.M.H..__Triphenylphosphine.oxide",-0.047016,-0.39909,-0.69947,0.48604,0.63702,-6.7525
"X7.034__351.32303000000002__.M.H..__Unknown",0.26422,-0.27593,0.69378,0.48958,0.63978,-6.7564
"X5.415__369.20459__.M.H..__w.o.MS2..1R.4aS.10aR..7..2.hydroxypropan.2.yl..1.4a.dimethyl.9.oxo.3.4.10.10a.tetrahydro.2H.phenanthrene.1.carboxylic.acid",-0.085182,-0.10753,-0.68618,0.49434,0.64409,-6.7616
"X7.533__371.32468__.M.H..__Unknown",0.19781,0.070718,0.66031,0.51072,0.66277,-6.779
"X3.444__350.11617999999999__.M.H..__w.o.MS2.MMV688889",0.17156,-0.26827,0.65883,0.51167,0.66277,-6.78
"X4.087__232.17075__.M.H..__w.o.MS2.Alpha.pyrrolidinovalerophenone",0.08465,-0.3746,0.6559,0.51354,0.66326,-6.7819
"X0.579__274.88242000000002__.M.K..__Unknown",0.10166,-0.012107,0.6456,0.52016,0.66986,-6.7886
"X5.377__113.06165__.M.H..__w.o.MS2.1.2.Cyclohexanedione",-0.081756,-0.14115,-0.64162,0.52273,0.67121,-6.7912
"X1.164__186.99564000000001__.M.H..__w.o.MS2.D.....3.PHOSPHOGLYCERIC.ACID",-0.11523,-0.21063,-0.62537,0.53329,0.68279,-6.8014
"X7.931__388.36068999999998__.M.Na..__Unknown",0.1966,-0.074425,0.622,0.5355,0.68364,-6.8035
"X7.121__394.34579000000002__.M.H..__Unknown",-0.19919,-1.6623,-0.60656,0.54565,0.69461,-6.813
"X0.984__247.03163000000001__.M.H..__w.o.MS2.columbianetin",-0.099931,0.13852,-0.60417,0.54723,0.69462,-6.8145
"X4.494__214.08488__.M.H..__w.o.MS2.MLS002153472.01.N.Phenylanthranilic.acid91.40.7",0.11892,-0.67187,0.59435,0.55375,0.70089,-6.8203
"X7.123__365.34528__.M.H..__w.o.MS2.Heneicosanoic.acid..21.0.",-0.14083,0.48947,-0.57381,0.56751,0.71548,-6.8323
"X0.593__294.02681999999999__.M.H..__Unknown",0.065939,-0.14949,0.56857,0.57105,0.71548,-6.8353
"X6.552__325.22548999999998__.M.H..__w.o.MS2.quinine",0.094473,-0.41016,0.56774,0.5716,0.71548,-6.8358
"X3.093__114.03863__.M.H..__Unknown",-0.058745,-0.051994,-0.56754,0.57174,0.71548,-6.8359
"X6.442__411.09656__.M.Na..__Unknown",-0.14236,-3.681,-0.55308,0.58156,0.72315,-6.844
"X0.581__345.97512999999998__.M.H..__Unknown",-0.051497,0.052465,-0.55219,0.58217,0.72315,-6.8445
"X6.191__296.22397000000001__.M.H..__w.o.MS2.Unknown..carbon.number.17...PlaSMA.ID.1530",0.084319,-0.34806,0.55131,0.58277,0.72315,-6.845
"X3.599__499.16753999999997__.M.H..__w.o.MS2.Mundulone.Acetate",-0.28886,-0.55305,-0.54827,0.58485,0.72371,-6.8466
"X3.754__557.22240999999997__.M.H..__Unknown",0.28932,-1.1682,0.54091,0.58989,0.72757,-6.8506
"X5.97__318.29723999999999__.M.H..__w.o.MS2.Phytosphingosine..not.validated..isomer.of.1696...PlaSMA.ID.1697",-0.089333,-0.061213,-0.53892,0.59125,0.72757,-6.8517
"X0.853__100.07642__.M.H..__w.o.MS2.Unknown..carbon.number.5...PlaSMA.ID.14",0.11742,-0.27381,0.53156,0.59633,0.73178,-6.8556
"X0.58__122.92574__.M.H..__Unknown",-0.061027,-0.057871,-0.52504,0.60083,0.73513,-6.8591
"X7.025__351.24707000000001__.M.H..__w.o.MS2.Unknown..carbon.number.21...PlaSMA.ID.1929",-0.1092,-0.0062103,-0.52077,0.60379,0.73513,-6.8613
"X0.581__407.01718__.M.H..__w.o.MS2.Methyl.Deoxycholate",0.088757,-0.044947,0.52041,0.60404,0.73513,-6.8615
"X3.486__240.14878999999999__.M.H..__Unknown",0.11182,-0.88139,0.51528,0.6076,0.73709,-6.8642
"X4.166__427.65363000000002__.M.2H.2.__Unknown",0.17488,-0.25715,0.51332,0.60897,0.73709,-6.8652
"X0.581__218.01214999999999__.M.Na..__w.o.MS2.Propanil",-0.047544,-0.14739,-0.50677,0.61354,0.74059,-6.8685
"X7.068__523.32488999999998__.M.Na..__w.o.MS2.4...5..5.hydroxy.3.....2Z..2.methylbut.2.enoyl.oxy.methyl.pentyl..8a..hydroxymethyl..5.6.dimethyl.3.4.4a.5.6.7.8.8a.octahydronaphthalen.1.yl.methoxy..4.oxobutanoic.acid",0.10527,0.11281,0.50245,0.61656,0.74222,-6.8707
"X6.636__469.14159999999998__.M.H..__w.o.MS2.Unknown..carbon.number.20...PlaSMA.ID.2546",-0.13794,-0.96577,-0.49577,0.62125,0.74584,-6.874
"X4.943__241.11547999999999__.M.H..__w.o.MS2.Dictazoline.E",-0.03226,0.050731,-0.47263,0.63761,0.76341,-6.8852
"X1.459__263.04498000000001__.M.H..__w.o.MS2.Cadaverine.Tartrate",0.081601,-0.23359,0.46399,0.64376,0.76869,-6.8893
"X1.459__220.07642000000001__.M.H..__w.o.MS2.O.SUCCINYL.L.HOMOSERINE",-0.11158,-0.31506,-0.4493,0.65428,0.77852,-6.896
"X4.349__262.05333999999999__.M.H..__w.o.MS2.Phosphotyrosine",-0.050516,-0.49657,-0.4476,0.6555,0.77852,-6.8968
"X0.823__224.93935999999999__.M.H..__Unknown",-0.1521,-0.3666,-0.44268,0.65905,0.78063,-6.8989
"X4.664__249.12031999999999__.M.H..__w.o.MS2.MLS000860057.01.6.Hydroxymelatonin",-0.18679,-0.31875,-0.43572,0.66407,0.78449,-6.902
"X7.533__373.23192999999998__.M.H..__w.o.MS2.5..5.methoxycarbonyl.5.8a.dimethyl.2.methylidene.3.4.4a.6.7.8.hexahydro.1H.naphthalen.1.yl..3.methylpentanoic.acid",0.064118,-0.02739,0.43165,0.66701,0.78587,-6.9038
"X3.43__345.14542__.M.H..__w.o.MS2.MLS001139277.01..2S..5.oxo.1..3.oxo.1H.2.benzofuran.1.yl..N..oxolan.2.ylmethyl.pyrrolidine.2.carboxamide",0.049745,-0.17178,0.42595,0.67115,0.78864,-6.9062
"X0.876__234.90781999999999__.M.H..__Unknown",-0.138,-0.58865,-0.41392,0.67991,0.79531,-6.9113
"X5.676__292.26431000000002__.M.H..__Unknown",0.062354,0.013304,0.41322,0.68042,0.79531,-6.9116
"X2.497__176.07837000000001__.M.H..__w.o.MS2.allantonin",0.063959,0.17142,0.40938,0.68322,0.79649,-6.9131
"X3.088__192.04961__.M.CH3OH.H..__w.o.MS2.Aconitic.Acid",0.035916,-0.054701,0.395,0.69376,0.80575,-6.9189
"X0.58__493.00060999999999__.M.K..__Unknown",0.080401,0.42911,0.39267,0.69548,0.80575,-6.9198
"X1.009__102.05475__.M.H..__w.o.MS2.1.Aminocyclopropane.1.carboxylic.acid..LC.ESI.QTOF..MS2..CE",-0.028129,0.061637,-0.39112,0.69662,0.80575,-6.9205
"X0.615__256.00081999999998__.M.H..__w.o.MS2.methyl.2...2.3.dihydroxybenzoyl.amino..3.hydroxypropanoate",0.052895,0.061773,0.38204,0.70332,0.81138,-6.924
"X0.831__168.94781__.M.H..__Unknown",-0.10331,0.28099,-0.3759,0.70786,0.8145,-6.9263
"X0.588__113.10735__.M.H..__Unknown",0.051172,-0.14328,0.36038,0.71939,0.82402,-6.932
"X4.953__241.142__.M.H..__w.o.MS2.Imiquimod",0.082678,-0.10947,0.35644,0.72234,0.82402,-6.9334
"X4.557__376.13256999999999__.M.H..__w.o.MS2.BEZ.M",0.15327,-1.6256,0.35587,0.72276,0.82402,-6.9336
"X0.582__411.03881999999999__.M.Na..__Unknown",0.073301,0.18964,0.35478,0.72357,0.82402,-6.934
"X0.58__299.97570999999999__.M.K..__Unknown",0.044867,0.0022816,0.34874,0.72809,0.82703,-6.9362
"X0.58__429.93588__.M.H..__Unknown",0.04632,0.065508,0.34529,0.73067,0.82784,-6.9373
"X0.799__146.11668__.M.H..__w.o.MS2.Acetylcholine..LC.ESI.QTOF..MS2..CE",0.054353,-0.10297,0.34246,0.7328,0.82813,-6.9383
"X7.016__350.17809999999997__.M.H..__w.o.MS2.MMV688888",-0.082029,-0.17568,-0.32277,0.74761,0.84187,-6.9449
"X4.288__381.20364000000001__.M.H..__w.o.MS2.2..2.hydroxy.6.methylhept.5.en.2.yl..7..3.methylbut.2.enyl..2.3.dihydro.1.benzofuran.5.carboxylic.acid",0.23502,-0.44019,0.32125,0.74875,0.84187,-6.9454
"X4.339__514.21056999999996__.M.H..__w.o.MS2.4..7.acetyloxy.5.chloro.3...1E.3E..3.5.dimethylhepta.1.3.dienyl..7.methyl.6.8.dioxoisoquinolin.2.yl.butanoic.acid",0.18022,-0.77427,0.31137,0.75623,0.84813,-6.9485
"X4.041__207.10066__.M.H..__w.o.MS2.Unknown..carbon.number.12...PlaSMA.ID.706",-0.052349,0.0062892,-0.30815,0.75867,0.84872,-6.9495
"X3.914__173.07692__.M.H..__w.o.MS2.C8H12O4..PlaSMA.ID.403",-0.050833,-0.0057035,-0.30251,0.76295,0.84934,-6.9512
"X1.01__89.042119999999997__.M.H..__Unknown",0.014336,0.025,0.30236,0.76307,0.84934,-6.9513
"X3.921__481.21181999999999__.M.H..__Unknown",-0.085563,-0.163,-0.29146,0.77136,0.85642,-6.9545
"X1.348__200.97656000000001__.M.H..__Unknown",0.056453,0.098699,0.28873,0.77344,0.85659,-6.9553
"X7.126__545.40197999999998__.M.H..__Unknown",0.061253,-0.29203,0.27691,0.78247,0.86303,-6.9587
"X1.719__168.95728__.M.H..__Unknown",-0.057134,-0.26004,-0.27522,0.78377,0.86303,-6.9591
"X1.647__156.07687000000001__.M.H..__w.o.MS2.L.Histidine..CE0..HNDVDQJCIGZPNO.YFKPBYRVSA.N",-0.04082,0.05488,-0.27158,0.78656,0.86303,-6.9601
"X0.586__196.03073000000001__.M.H..__w.o.MS2.N.Methylbenzylamine.Hydrochloride",-0.17132,-1.0938,-0.26877,0.78871,0.86303,-6.9609
"X5.271__207.09741__.M.H..__w.o.MS2.3.methyl.6..2.methylpropyl.piperazine.2.5.dione",-0.051731,-0.35491,-0.26839,0.789,0.86303,-6.961
"X1__412.97314__.M.K..__Unknown",0.073858,0.42168,0.25855,0.79657,0.86916,-6.9636
"X4.572__169.12546__.M.H..__w.o.MS2.Unknown..carbon.number.10...PlaSMA.ID.387",0.066364,-0.27951,0.23975,0.81106,0.8828,-6.9683
"X1.095__252.15924000000001__.M.H..__Unknown",0.022347,-0.22618,0.22944,0.81904,0.88734,-6.9707
"X3.089__160.04459__.M.H..__w.o.MS2.Brompheniramine",-0.020232,-0.063576,-0.22919,0.81923,0.88734,-6.9708
"X3.087__305.09694999999999__.M.H..__w.o.MS2.N.Acetyl.Asp.Glu",0.02001,-0.082359,0.22454,0.82284,0.88907,-6.9718
"X4.019__162.0925__.M.H..__w.o.MS2.Tryptophol",0.083977,-0.13342,0.22135,0.82531,0.88956,-6.9725
"X7.534__533.21123999999998__.M.H..__Unknown",0.078068,0.086763,0.21631,0.82923,0.88956,-6.9736
"X2.433__188.07315__.M.H..__w.o.MS2.MLS001048891.01.methyl.quinoline.2.carboxylate",-0.018399,0.03969,-0.21406,0.83098,0.88956,-6.9741
"X7.368__347.29885999999999__.M.H..__w.o.MS2.3...Z..heptadec.10.enyl.benzene.1.2.diol",0.051089,0.23157,0.21361,0.83133,0.88956,-6.9742
"X7.223__295.2038__.M.H..__w.o.MS2.ISOPALMITIC.ACID",-0.080362,-0.027071,-0.21056,0.8337,0.88995,-6.9749
"X1.937__146.06014999999999__.M.H..__w.o.MS2.4.Hydroxyquinoline..PlaSMA.ID.180",-0.022197,0.13313,-0.20797,0.83572,0.88996,-6.9754
"X1.61__268.10373__.M.H..__Adenosine..LC.ESI.QTOF..MS2..CE",0.053423,-0.86336,0.19671,0.84449,0.89714,-6.9777
"X2.958__169.07578000000001__.M.H..__w.o.MS2.Norharman..PlaSMA.ID.382",-0.015491,0.05251,-0.18293,0.85526,0.90641,-6.9803
"X0.579__451.92700000000002__.M.K..__Unknown",0.027716,0.0082202,0.17707,0.85985,0.90697,-6.9814
"X6.847__307.20605__.M.Na..__w.o.MS2..1R.3S.5S..8.methyl.8.azabicyclo.3.2.1.octan.3.yl.3.hydroxy.2.phenylpropanoate",0.045039,0.47231,0.17479,0.86163,0.90697,-6.9818
"X4.613__311.16034000000002__.M.H..__w.o.MS2..16alpha.17beta..estra.1.3.5.10..triene.3.16.17.triol",0.11556,-0.80673,0.17441,0.86193,0.90697,-6.9818
"X4.724__446.16519__.M.2H.2.__w.o.MS2.1..3..2.3.dihydrobenzo.b..1.4.dioxin.6.yl..7.hydroxy.2.methyl.4.oxo.6.propyl.4H.chromen.8.yl..N.N.dimethylmethanaminium.chloride",0.068263,-0.31668,0.16635,0.86825,0.91145,-6.9832
"X5.028__313.17541999999997__.M.H..__w.o.MS2.m.z.313.of.diterpene.esters..collected.from.12.deoxyphorbol.13.acetate.",-0.018317,-0.22608,-0.15437,0.87766,0.91916,-6.9851
"X0.738__228.96952999999999__.M.H..__Unknown",0.024748,-0.11642,0.14957,0.88143,0.91934,-6.9859
"X1.011__321.08443999999997__.M.Na..__w.o.MS2.MMV010764",-0.10174,-0.67318,-0.1444,0.8855,0.91934,-6.9866
"X4.072__163.07662999999999__.M.H..__w.o.MS2.Isosafrole",-0.026126,-0.08686,-0.14214,0.88729,0.91934,-6.987
"X0.986__267.02999999999997__.M.Na..__Unknown",-0.020362,0.28597,-0.141,0.88818,0.91934,-6.9871
"X6.129__337.07611__.M.Na..__7.8.dihydroxy.5.6.dimethoxy.2.phenyl.4H.chromen.4.one",0.032568,-2.7047,0.14096,0.88821,0.91934,-6.9871
"X0.854__174.14882__.M.H..__w.o.MS2.Unknown..carbon.number.9...PlaSMA.ID.410",0.031071,-0.088495,0.13116,0.89594,0.92343,-6.9885
"X0.928__183.91463999999999__.M.H..__Unknown",-0.034827,-0.1014,-0.13066,0.89633,0.92343,-6.9885
"X0.894__190.97855000000001__.M.H..__Unknown",-0.020299,-0.38524,-0.089652,0.92876,0.95277,-6.9931
"X0.988__254.99437__.M.H..__Unknown",-0.015839,0.18758,-0.086612,0.93117,0.95277,-6.9933
"X6.078__302.31317000000001__.M.H..__w.o.MS2.MLS001066334.01.D.erythro.Dihydrosphingosine764.22.7",-0.015821,-0.051852,-0.086497,0.93126,0.95277,-6.9933
"X3.811__500.19774999999998__.M.H..__w.o.MS2.N..4.5.dihydroxy.2...4..hydroxy.phenyl.methyl..5.oxo.3.phenyl.2H.furan.2.yl.oxy..6..methoxymethyl.oxan.3.yl.acetamide",0.026434,-0.24679,0.083208,0.93387,0.95323,-6.9936
"X1.456__132.10356__.M.H..__Leucine",-0.0055516,0.11414,-0.077611,0.93831,0.95556,-6.9941
"X6.291__293.21749999999997__.M.H..__w.o.MS2.Unknown..carbon.number.18...PlaSMA.ID.1487",-0.015059,-0.21231,-0.060523,0.95187,0.96715,-6.9952
"X1.01__91.021559999999994__.M.CH3OH.H..__Unknown",0.0028136,0.026514,0.040135,0.96807,0.98137,-6.9963
"X1.458__432.23935__.M.H.H2O..__w.o.MS2.Nakijiquinone.C",0.009228,-0.075604,0.030501,0.97573,0.98619,-6.9966
"X4.421__287.15935999999999__.M.H..__w.o.MS2.2..1.hydroxy.1.methoxy.3.methylbutyl..6.methyl.5H..1.3.dioxolo.4.5.c.pyridin.4.one",-0.0030922,-0.141,-0.028553,0.97728,0.98619,-6.9967
"X1.073__83.060940000000002__.M.H..__w.o.MS2.2.Methylimidazole",-0.001685,-0.018462,-0.024834,0.98024,0.98691,-6.9968
"X1.456__86.097279999999998__.M.H..__w.o.MS2.Unknown..carbon.number.5...PlaSMA.ID.6",-0.0012428,-0.039249,-0.022054,0.98245,0.98691,-6.9968
"X6.063__229.11754999999999__.M.H..__w.o.MS2.Proline.hydroxyproline",-0.0010936,-0.59761,-0.0042734,0.9966,0.99885,-6.9971
"X5.678__263.06464__.M.H..__w.o.MS2.MLS001240214.01.2..3.Chloro.2.methyl.phenylamino..nicotinic.acid",-0.00010978,-1.4934,-0.00032864,0.99974,0.99974,-6.9971
